id,text,model_prediction,is_correct,actual_pillar,clean_text,notes,category,video_id
e7b5e176-13b7-49db-9d32-8a15f6a8e32c,someone add dante to this story pls,NEUTRAL,1,"",someone add dante to this story pls,neutral (0.998),comedy,3f814780-efdd-4b11-b886-09fb35b3ca06
dd45ea56-5378-4658-9b35-4ca34677d8f2,“It’s like life saving stuff”. Thank you vita spray,JOY,1,"",It's like life saving stuff. Thank you vita spray,gratitude (0.999),comedy,3f814780-efdd-4b11-b886-09fb35b3ca06
e3943476-d284-4592-9fc1-b653ddb58f20,When they finally put out the perfect dlc😂😂😂,NEUTRAL,0,JOY,When they finally put out the perfect dlc :face_with_tears_of_joy: :face_with_tears_of_joy: :face_with_tears_of_joy:,neutral (0.758),comedy,3f814780-efdd-4b11-b886-09fb35b3ca06
aeaa2e7f-ea00-4db7-9525-38e01ad9ee05,i would watch them kiss,NEUTRAL,1,"",i would watch them kiss,neutral (0.981),comedy,3f814780-efdd-4b11-b886-09fb35b3ca06
2becfd71-094f-464b-8171-719023273ca1,Tweekers,NEUTRAL,0,ANGER,Tweekers,neutral (0.997),comedy,438622bc-70dc-4215-b5a2-f293ff090c06
2ff4217a-2c87-4327-a363-62a7a0060561,Song name?,NEUTRAL,1,"",Song name?,neutral (0.774),comedy,438622bc-70dc-4215-b5a2-f293ff090c06
3c5c4b98-260f-4d15-b142-b53d492c0348,shutup_1299,NEUTRAL,1,"",shutup_1299,neutral (0.997),comedy,438622bc-70dc-4215-b5a2-f293ff090c06
bacfc486-3ce4-4ae8-a4cb-f757c3ce4b6e,I heard pushy😭😭😭,NEUTRAL,0,SURPRISE,I heard pushy :loudly_crying_face: :loudly_crying_face: :loudly_crying_face:,neutral (0.981),comedy,62299701-aa24-401a-a09a-e7d8f3526c89
a6515fed-66e3-4de2-a999-49f43c59ace6,Someone gonna get McQueen pleasure tonight😂,JOY,1,"",Someone gonna get McQueen pleasure tonight :face_with_tears_of_joy:,joy (0.86),comedy,62299701-aa24-401a-a09a-e7d8f3526c89
70f5c133-b6ac-4564-a93f-603ff4c37895,reminds me of my girlfriend,SURPRISE,0,JOY,reminds me of my girlfriend,realization (0.577),comedy,75aaa079-c557-45bd-a8b9-46a6948bb331
dfa5a857-3944-4bca-9f67-56008156dbf5,When you open a losing trade 😂,NEUTRAL,0,JOY,When you open a losing trade :face_with_tears_of_joy:,neutral (0.848),comedy,75aaa079-c557-45bd-a8b9-46a6948bb331
311982ac-5416-4214-aa7e-0895d2e284fa,That’s the craziest tourret I’ve ever witnessed 😂💀,JOY,0,SURPRISE,That's the craziest tourret I've ever witnessed :face_with_tears_of_joy: :skull:,excitement (0.767),comedy,75aaa079-c557-45bd-a8b9-46a6948bb331
2902f436-598a-4719-b574-2c8606ea788a,Direct eye contact is crazy,NEUTRAL,0,SURPRISE,Direct eye contact is crazy,neutral (0.414),comedy,75aaa079-c557-45bd-a8b9-46a6948bb331
65244f17-de78-4845-91ab-078781b74981,😢👏👏,NEUTRAL,0,SURPRISE,:crying_face: :clapping_hands: :clapping_hands:,neutral (0.977),comedy,8d806655-ecb4-4491-a25a-331a070c2f39
127f27c6-4805-4624-b0dd-fa0b097cece0,unfoldedai,NEUTRAL,1,"",unfoldedai,neutral (0.998),comedy,8d806655-ecb4-4491-a25a-331a070c2f39
a2d9968c-3253-4023-8ea4-2d2bde4db072,Diiiillggggggggdungggggggdillllagung,NEUTRAL,1,"",Diiiillggggggggdungggggggdillllagung,neutral (0.997),comedy,8d806655-ecb4-4491-a25a-331a070c2f39
9f0540e9-2525-4f8d-aea3-bd4f9a114300,Hand speed just as fast as foot speed fhis is crazy 🤣🤣🤣🤣,JOY,1,"",Hand speed just as fast as foot speed fhis is crazy :rolling_on_the_floor_laughing: :rolling_on_the_floor_laughing: :rolling_on_the_floor_laughing: :rolling_on_the_floor_laughing:,amusement (0.499),comedy,8d806655-ecb4-4491-a25a-331a070c2f39
233796e7-695a-4b7b-bd7d-a1e3bd63ee14,Going bananas 4,NEUTRAL,1,"",Going bananas 4,neutral (0.998),comedy,8d806655-ecb4-4491-a25a-331a070c2f39
5e489935-3988-4126-bc90-e3e5e778f9d2,Bro didn't missed any single shot 💀,NEUTRAL,0,SURPRISE,Bro didn't missed any single shot :skull:,neutral (0.995),comedy,90bca555-3406-469e-be5f-f060d78f011a
2644b17a-daf8-41e2-8b57-e7d1e1012292,🤣,JOY,1,"",:rolling_on_the_floor_laughing:,amusement (0.789),comedy,90bca555-3406-469e-be5f-f060d78f011a
ecddfa24-21d2-466e-adc2-451a02b5f744,What did bro do to deserve that,SURPRISE,1,"",What did bro do to deserve that,curiosity (0.544),comedy,90bca555-3406-469e-be5f-f060d78f011a
82edc3c1-6ef4-4432-9672-fa2fc8771780,Bros acuracy💀,NEUTRAL,0,SURPRISE,Bros acuracy :skull:,neutral (0.998),comedy,90bca555-3406-469e-be5f-f060d78f011a
e0c7f823-f14b-4ac9-b67e-9c2ebf1e1821,IM TOO HIGH FOR THIS STOP MY EARS PLEASEEE,NEUTRAL,0,ANGER,IM TOO HIGH FOR THIS STOP MY EARS PLEASEEE,neutral (0.935),comedy,9a627c07-7071-4ed9-96c9-593aa7d6b00d
16369070-f4fb-4933-8017-a4654311dcc7,Noise pollution 😭💔,SADNESS,1,"",Noise pollution :loudly_crying_face: :broken_heart:,sadness (0.958),comedy,9a627c07-7071-4ed9-96c9-593aa7d6b00d
3391669f-0c41-4001-b653-a682ea53ac1a,Coulda used js one more sound effect,NEUTRAL,1,"",Coulda used js one more sound effect,neutral (0.996),comedy,9a627c07-7071-4ed9-96c9-593aa7d6b00d
f0e50c18-fb8f-466c-9a96-ce9c9823502e,Green giant 🗣️🗣️🗣️🔥🔥🔥,NEUTRAL,1,"",Green giant :speaking_head: :speaking_head: :speaking_head: :fire: :fire: :fire:,neutral (0.997),comedy,9a627c07-7071-4ed9-96c9-593aa7d6b00d
51948ebd-5ae5-4d1d-b308-fbdda4ac77a4,Central D,NEUTRAL,1,"",Central D,neutral (0.998),comedy,acce5333-f82a-4654-9274-66696856ea71
328a5e5f-0751-4b26-9202-6a8103d9af4a,That reaction took 3 to 5 business days,NEUTRAL,1,"",That reaction took 3 to 5 business days,neutral (0.993),comedy,acce5333-f82a-4654-9274-66696856ea71
73cb048b-e3dd-44d4-a41a-8c3462ba146e,it flopped to the ground 😭,NEUTRAL,0,SURPRISE,it flopped to the ground :loudly_crying_face:,neutral (0.937),comedy,acce5333-f82a-4654-9274-66696856ea71
bda57c2c-081f-423c-b59f-41262da12ff0,😂😂😂😂😂😂😂😂,NEUTRAL,0,JOY,:face_with_tears_of_joy: :face_with_tears_of_joy: :face_with_tears_of_joy: :face_with_tears_of_joy: :face_with_tears_of_joy: :face_with_tears_of_joy: :face_with_tears_of_joy: :face_with_tears_of_joy:,neutral (0.922),comedy,acce5333-f82a-4654-9274-66696856ea71
a5c884f2-4390-412d-93bf-0bdbeacc2c69,Bink 986,NEUTRAL,1,"",Bink 986,neutral (0.998),comedy,acce5333-f82a-4654-9274-66696856ea71
fdecad93-0312-4a24-9473-8a5fff1337d1,Template for a mammal,NEUTRAL,1,"",Template for a mammal,neutral (0.998),comedy,b94cca52-81e1-426a-ab46-94874b4a1d13
7b3866f3-a190-4353-997e-b53bddbb9a1c,🐭+🦌,NEUTRAL,1,"",:mouse_face: :deer:,neutral (0.998),comedy,b94cca52-81e1-426a-ab46-94874b4a1d13
2eb2917e-f1fa-4d73-94ab-3b11e9c1d6a5,Bro is a template for a mammal,NEUTRAL,1,"",Bro is a template for a mammal,neutral (0.998),comedy,b94cca52-81e1-426a-ab46-94874b4a1d13
e42f73de-5cff-4743-9ae5-e2e445ecce92,Paca eating cuscus🔥🗣️,NEUTRAL,0,JOY,Paca eating cuscus :fire: :speaking_head:,neutral (0.997),comedy,b94cca52-81e1-426a-ab46-94874b4a1d13
bfbc1bfc-3216-4758-bd2c-9c7592bd07d0,2xidoo,NEUTRAL,1,"",2xidoo,neutral (0.998),comedy,cef81a84-9eb0-42f5-8c9d-cce87143b882
5216186f-749e-4918-8f51-2adc7613be9f,espn,NEUTRAL,1,"",espn,neutral (0.998),comedy,cef81a84-9eb0-42f5-8c9d-cce87143b882
3a60fb0d-e7e1-4750-a624-6b5984130886,DAMN GYATT😳😳😳,NEUTRAL,0,JOY,DAMN GYATT :flushed_face: :flushed_face: :flushed_face:,neutral (0.892),comedy,cef81a84-9eb0-42f5-8c9d-cce87143b882
b556e7de-a3b4-4702-9cdd-949868406dd4,i know a teacher who walks like this,NEUTRAL,1,"",i know a teacher who walks like this,neutral (0.949),comedy,cef81a84-9eb0-42f5-8c9d-cce87143b882
4aab84e3-cc8d-4f89-ae48-db8c1c2731a1,man he's Ready to shoot it,NEUTRAL,1,"",man he's Ready to shoot it,neutral (0.997),comedy,cef81a84-9eb0-42f5-8c9d-cce87143b882
f368bbe7-2a84-4457-8211-1a8046c31ca4,Were can I find the full episode? I love to listen to the whole conversation,JOY,1,"",Were can I find the full episode? I love to listen to the whole conversation,love (0.936),education,351dee9a-2eac-4f1b-8fb2-51232ffe7011
fbffc1f0-ddc1-4ada-add6-3f74f9ca172b,Some people vent just to get attention. They constantly look for new people to voice their tired stories to a fresh audience.,NEUTRAL,0,ANGER,Some people vent just to get attention. They constantly look for new people to voice their tired stories to a fresh audience.,neutral (0.995),education,351dee9a-2eac-4f1b-8fb2-51232ffe7011
251648ce-c135-4573-8381-5e3dcde87cc6,how many people distance themselves when you actually try and help them solve a problem or expand their thinking on a topic. most people just want the validation and it’s sad.,SADNESS,1,"",how many people distance themselves when you actually try and help them solve a problem or expand their thinking on a topic. most people just want the validation and it's sad.,sadness (0.967),education,351dee9a-2eac-4f1b-8fb2-51232ffe7011
6cf7f7b5-7343-4d4f-a917-9349cc45bd0e,"My body changed completely after training progressive overload style 2-3 times a week for an hour and a healthy, normal diet. I wish this for everybody. After a while you’ll prioritize making time, because the positive effects on your mental health will draw you back into the gym.",JOY,1,"","My body changed completely after training progressive overload style 23 times a week for an hour and a healthy, normal diet. I wish this for everybody. After a while you'll prioritize making time, because the positive effects on your mental health will draw you back into the gym.",desire (0.894),education,351dee9a-2eac-4f1b-8fb2-51232ffe7011
d6e7c71a-c1bc-493b-80b0-b2b7b54ac394,Having a strong Chatter Advisory Board is so important 👏,NEUTRAL,1,"",Having a strong Chatter Advisory Board is so important :clapping_hands:,neutral (0.478),education,351dee9a-2eac-4f1b-8fb2-51232ffe7011
099633f2-004d-4a49-a283-9b201fd2c4bc,"My dad used to preach daily, monthly and yearly goal setting to us. Until I was an adult I thought everyone got this from their dad.",NEUTRAL,1,"","My dad used to preach daily, monthly and yearly goal setting to us. Until I was an adult I thought everyone got this from their dad.",neutral (0.669),education,4195afee-bab0-405a-81b8-01aa19094b02
50a6ff4c-77cb-42a6-8c84-ae788e27a938,I think this is what we mean when we say we need to keep our child like qualities of joy and amazement ❤️❤️❤️❤️awesome episode‼️,JOY,1,"",I think this is what we mean when we say we need to keep our child like qualities of joy and amazement :red_heart: :red_heart: :red_heart: :red_heart: awesome episode :double_exclamation_mark:,approval (0.276),education,4195afee-bab0-405a-81b8-01aa19094b02
6431e680-5fe8-4ec6-89ac-d082ba21d93c,Two 🐐’s,NEUTRAL,0,JOY,Two :goat: 's,neutral (0.998),education,4195afee-bab0-405a-81b8-01aa19094b02
3213672a-af9d-425f-a5fd-9422f6af1b88,I just KNOW people got halfway through the video and confirmed their assumption that fasted cardio is superior and continued scrolling before the conclusion 😂😂,NEUTRAL,0,JOY,I just KNOW people got halfway through the video and confirmed their assumption that fasted cardio is superior and continued scrolling before the conclusion :face_with_tears_of_joy: :face_with_tears_of_joy:,neutral (0.793),education,4195afee-bab0-405a-81b8-01aa19094b02
65a9a541-f72f-4313-851d-6321bb12bd5d,I’m not all the way through the podcast but it’s been super informative (and honestly relieving) so far!,JOY,1,"",I'm not all the way through the podcast but it's been super informative and honestly relieving so far!,admiration (0.525),education,4195afee-bab0-405a-81b8-01aa19094b02
c8df5a4c-f3c9-4c50-9486-e1df2b8e2581,"i have realized, meditation, makes the man. Even if you don’t think you’re doing it right or whatever just do it.",SURPRISE,1,"","i have realized, meditation, makes the man. Even if you don't think you're doing it right or whatever just do it.",realization (0.9),education,4e965d34-b666-4721-81c0-b0663b1086a9
4774b3b0-a1cd-4fd0-945a-b62678e9f6c2,"👏 this is why I work with meditation daily with patients, social workers and my family ❤️",NEUTRAL,0,JOY,":clapping_hands: this is why I work with meditation daily with patients, social workers and my family :red_heart:",neutral (0.969),education,4e965d34-b666-4721-81c0-b0663b1086a9
64dcb8e3-239b-4dd4-8781-3787f3093de8,"This is so relevant right now, I appreciate this. On my ‘to listen’ list. 🙌🏻",JOY,1,"","This is so relevant right now, I appreciate this. On my 'to listen' list. :raising_hands_light_skin_tone:",admiration (0.936),education,4e965d34-b666-4721-81c0-b0663b1086a9
3dd8abf9-db9f-48f9-8f27-ad375cb2a21b,Your grief podcasts have helped me so much since losing my partner 6 months ago. I listen to one of your podcasts every night to help me get to sleep now. I’m loving learning before drifting off! ❤️,JOY,1,"",Your grief podcasts have helped me so much since losing my partner 6 months ago. I listen to one of your podcasts every night to help me get to sleep now. I'm loving learning before drifting off! :red_heart:,love (0.868),education,4e965d34-b666-4721-81c0-b0663b1086a9
408e614d-5a03-4129-9120-2b6dcfc26f46,I'm not sure how to get this podcast.,SURPRISE,1,"",I'm not sure how to get this podcast.,confusion (0.974),education,4e965d34-b666-4721-81c0-b0663b1086a9
71d03736-9462-4666-b0e8-b2a3e0e47d70,So cool 🙌,JOY,1,"",So cool :raising_hands:,admiration (0.344),education,79121a62-ec29-4bf5-a003-e8cac653db63
1c690c8f-3e6d-4835-864c-fbbbf54e25a9,She’s legendary!! Well done @drlaurencs1 👏👏👏,JOY,1,"",She's legendary!! Well done :clapping_hands: :clapping_hands: :clapping_hands:,admiration (0.977),education,79121a62-ec29-4bf5-a003-e8cac653db63
4e8dfac6-0677-4c42-8fde-ffdf07544598,Fascinating discussion! A 2024 study in Nature Reviews Endocrinology found that gut microbiome composition significantly influences estrogen and progesterone metabolism through the estrobolome. Women with diverse gut bacteria showed more stable hormone fluctuations and better exercise recovery across their cycle. The research showed that prebiotic fiber intake (20-25g/day) optimized hormone balance and reduced menstrual symptoms by 45%. The gut-hormone axis is crucial for performance!,JOY,1,"",Fascinating discussion! A 2024 study in Nature Reviews Endocrinology found that gut microbiome composition significantly influences estrogen and progesterone metabolism through the estrobolome. Women with diverse gut bacteria showed more stable hormone fluctuations and better exercise recovery across their cycle. The research showed that prebiotic fiber intake 2025gday optimized hormone balance and reduced menstrual symptoms by 45. The guthormone axis is crucial for performance!,admiration (0.891),education,79121a62-ec29-4bf5-a003-e8cac653db63
6bc09e37-1af5-4f99-b999-ca546c5c12e7,nba,NEUTRAL,1,"",nba,neutral (0.998),education,79121a62-ec29-4bf5-a003-e8cac653db63
dec29a2c-e7d9-411e-9925-d76ae106a043,Lauren is a true evidence-based professional; one of the truly good ones in the field,JOY,1,"",Lauren is a true evidencebased professional one of the truly good ones in the field,admiration (0.974),education,79121a62-ec29-4bf5-a003-e8cac653db63
09d21e09-5e03-482c-8e4f-374622fb630c,"Thank you @drshannaswan You are look fantastic and are so switched on 💡for 89! Besides distilled water, staying away from plastics, shopping at farmers’ markets, any other tips personal tips for health and longevity? What do you eat, exercise regimen etc.?",JOY,1,"","Thank you You are look fantastic and are so switched on :light_bulb: for 89! Besides distilled water, staying away from plastics, shopping at farmers' markets, any other tips personal tips for health and longevity? What do you eat, exercise regimen etc.?",gratitude (0.648),education,9b75692e-6a77-45ef-a94e-47f59ed95121
715431e7-eeaf-4557-b9c7-74243d13373f,"And this is why we pay taxes and have government agencies to oversee these industries and protect the consumer citizens with oversight, regulations and studies… it’s working great don’t you think?!? 🙄 Such a broken system. We still pay plenty of taxes to fund these agencies but we get little to nothing in return. Sorry for the rant! Thanks for all your great content @hubermanlab! I always learn so much.",JOY,0,ANGER,"And this is why we pay taxes and have government agencies to oversee these industries and protect the consumer citizens with oversight, regulations and studies it's working great don't you think?!? :face_with_rolling_eyes: Such a broken system. We still pay plenty of taxes to fund these agencies but we get little to nothing in return. Sorry for the rant! Thanks for all your great content ! I always learn so much.",gratitude (0.506),education,9b75692e-6a77-45ef-a94e-47f59ed95121
63b4d3bc-b295-4ef1-b3cc-f5831aa455c4,"So what is your taje on distilled water? Id that a safe, worthwhile, and healthy way to reduce expisure to endocrine disruptors? You seemed a bit surprised when she mentioned it.",SURPRISE,1,"","So what is your taje on distilled water? Id that a safe, worthwhile, and healthy way to reduce expisure to endocrine disruptors? You seemed a bit surprised when she mentioned it.",curiosity (0.785),education,9b75692e-6a77-45ef-a94e-47f59ed95121
77c88b08-c1ca-4b78-b6fa-200731b0a272,Wow ! 89 ??? She seems 20-30 years less than that.,SURPRISE,1,"",Wow ! 89 ??? She seems 2030 years less than that.,surprise (0.861),education,9b75692e-6a77-45ef-a94e-47f59ed95121
3b46965d-95cc-4727-bb28-49a56721e1c4,SNEAKY RATS 🐀,NEUTRAL,1,"",SNEAKY RATS :rat:,neutral (0.995),education,9b75692e-6a77-45ef-a94e-47f59ed95121
0140f5d9-3373-48e8-b398-afa9f8f4df7f,Yess. Befriending my anxiety has done me wonders 👏 love this,JOY,1,"",Yess. Befriending my anxiety has done me wonders :clapping_hands: love this,love (0.875),education,b27af20e-9c98-4788-8a32-f21b224b926d
bc7efaa3-5cb5-4fa6-82e3-bef8cb6d796c,explaining,NEUTRAL,1,"",explaining,neutral (0.997),education,b27af20e-9c98-4788-8a32-f21b224b926d
7b997a0b-6dd6-4a87-afdc-b0881fb70a78,This is a great advice 💯,JOY,1,"",This is a great advice :hundred_points:,admiration (0.898),education,b27af20e-9c98-4788-8a32-f21b224b926d
00b6abd0-71f9-46e8-a9c8-f2bbe4746361,1d · Edited,NEUTRAL,1,"",1d Edited,neutral (0.998),education,b27af20e-9c98-4788-8a32-f21b224b926d
d4fe1997-cd50-49c6-b5ca-033bb69dbcd6,YEEESSSS !!!!! 🤍,JOY,1,"",YEEESSSS !!!!! :white_heart:,excitement (0.539),education,b27af20e-9c98-4788-8a32-f21b224b926d
08e33491-9b4b-4e3d-b30a-a4eea4e47ae3,lol great,JOY,1,"",lol great,amusement (0.789),education,b97f297f-e82b-4fc6-adf9-c7b2b3c9c014
462ed775-83ae-49bf-886e-f2813f3d73f9,"I wish there were people (actual doctors with MDs) who were saying the same back in the 80s and wait for it to… even in the 60s! Can you imagine? Well, there were and still are.",JOY,0,SADNESS,"I wish there were people actual doctors with MDs who were saying the same back in the 80s and wait for it to even in the 60s! Can you imagine? Well, there were and still are.",desire (0.78),education,b97f297f-e82b-4fc6-adf9-c7b2b3c9c014
95be3da8-4f6b-48e8-816e-43f9d6007672,There is nothing that a walk in nature won’t fix 😉,NEUTRAL,1,"",There is nothing that a walk in nature won't fix :winking_face:,neutral (0.92),education,b97f297f-e82b-4fc6-adf9-c7b2b3c9c014
64eb67dd-e0bb-4c6c-ad52-30d07f27c902,"Once again, the power of the mind?",SURPRISE,1,"","Once again, the power of the mind?",curiosity (0.668),education,b97f297f-e82b-4fc6-adf9-c7b2b3c9c014
b3aa5fe8-35c1-4dfd-9436-0fae94f01679,I love peppermint eo for my his boost a clean undiluted pure brand you trust !,JOY,1,"",I love peppermint eo for my his boost a clean undiluted pure brand you trust !,love (0.989),education,bc35fdb2-0d27-42d2-be3a-1f0d8f745e5a
a98d9a0a-a949-40f3-9987-c8a69cf67bfb,@angela_dalmolin wow this is perfect for you right now!!! 🙌,JOY,1,"",wow this is perfect for you right now!!! :raising_hands:,admiration (0.635),education,bc35fdb2-0d27-42d2-be3a-1f0d8f745e5a
5be7c1f7-3c3c-431b-96ed-be092913f702,This was SUCH a good episode,JOY,1,"",This was SUCH a good episode,admiration (0.992),education,bc35fdb2-0d27-42d2-be3a-1f0d8f745e5a
b4918a0b-0c16-46ac-8b4e-6120eb9063a7,Does this practice also help to spike cortisol 50% higher than in normal resting state?,SURPRISE,1,"",Does this practice also help to spike cortisol 50 higher than in normal resting state?,curiosity (0.704),education,bc35fdb2-0d27-42d2-be3a-1f0d8f745e5a
676b2eca-4524-4f32-b3b0-b99c19e9003d,Spleen regeneration is such a big part in autoimmune conditions and most overlooked - love face ice baths,NEUTRAL,0,JOY,Spleen regeneration is such a big part in autoimmune conditions and most overlooked love face ice baths,neutral (0.422),education,bc35fdb2-0d27-42d2-be3a-1f0d8f745e5a
d723a162-45e9-4eaa-923f-2fcf65c608bc,Consider the fact that Cannabis isn’t what it used to be so people need to be mindful how it may affect certain people.,NEUTRAL,1,"",Consider the fact that Cannabis isn't what it used to be so people need to be mindful how it may affect certain people.,neutral (0.7),education,ce08c2cf-fe32-49a9-a214-28f2928bc53a
32afa2d8-a85c-4184-9950-71a3ab41a256,Cannabis creates an unapologetic mood that is very unhealthy for you to fluently do the things you want to. It's like a magic wand who doesn't always listen to you.,NEUTRAL,1,"",Cannabis creates an unapologetic mood that is very unhealthy for you to fluently do the things you want to. It's like a magic wand who doesn't always listen to you.,neutral (0.308),education,ce08c2cf-fe32-49a9-a214-28f2928bc53a
829a932b-b7bd-4a4f-a198-2da1f6ddb399,Fertility,NEUTRAL,1,"",Fertility,neutral (0.97),education,ce08c2cf-fe32-49a9-a214-28f2928bc53a
925aa3af-7411-45fe-8215-4c11f7e823c0,YESSSS,NEUTRAL,0,JOY,YESSSS,neutral (0.602),education,ce08c2cf-fe32-49a9-a214-28f2928bc53a
7c2c10e6-68e4-429e-89bd-ad199832d04b,gaming.freak01,NEUTRAL,1,"",gaming.freak01,neutral (0.997),education,ce08c2cf-fe32-49a9-a214-28f2928bc53a
bd7222ec-7110-4536-b42b-9953128f8473,findthecashatl,NEUTRAL,1,"",findthecashatl,neutral (0.998),education,f1f4448d-7f5d-423a-a42e-ad358cbd4b08
c35d7bed-04f4-4fed-bafe-193374da4330,Maybe I need to watch this full episode.,NEUTRAL,1,"",Maybe I need to watch this full episode.,neutral (0.897),education,f1f4448d-7f5d-423a-a42e-ad358cbd4b08
01fc42aa-803e-4365-9df6-7b70cc5c3380,"This entire episode with @hubermanlab spoke about and answered ALL OF THE QUESTIONS I’ve been having about growing muscle, osteopaenia, frequency and type of exercise, supplements and so much more I’m so grateful",JOY,1,"","This entire episode with spoke about and answered ALL OF THE QUESTIONS I've been having about growing muscle, osteopaenia, frequency and type of exercise, supplements and so much more I'm so grateful",gratitude (0.989),education,f1f4448d-7f5d-423a-a42e-ad358cbd4b08
734fc657-acd2-45e6-8a7f-53aff66930fa,recent guest list has been 🔥,NEUTRAL,0,JOY,recent guest list has been :fire:,neutral (0.998),education,f1f4448d-7f5d-423a-a42e-ad358cbd4b08
4d829ca0-d91a-44e8-8b09-b50fb04a61a4,"Everyone mentioning Stacy Sims, they’ve already debated. Look it up on youtube. Stacy makes a lot of claims that just are not backed up by evidence.",NEUTRAL,0,ANGER,"Everyone mentioning Stacy Sims, they've already debated. Look it up on youtube. Stacy makes a lot of claims that just are not backed up by evidence.",neutral (0.978),education,f1f4448d-7f5d-423a-a42e-ad358cbd4b08
68bb21f3-6e81-4a7d-bcd9-562cda3f3d88,🔥🔥🔥,NEUTRAL,0,JOY,:fire: :fire: :fire:,neutral (0.998),gaming,10381a8e-67c6-468a-ba32-86563fd933e0
01fc82ad-a646-4e66-b6a4-e0941c5a0102,masterbuild_construction_p,NEUTRAL,1,"",masterbuild_construction_p,neutral (0.998),gaming,10381a8e-67c6-468a-ba32-86563fd933e0
d0ab0565-eed5-4482-a6cd-a85af4a56a08,⚠️🚩 Looks like this page is about to go down hill. Jump ship now,NEUTRAL,0,ANGER,:warning: :triangular_flag: Looks like this page is about to go down hill. Jump ship now,neutral (0.954),gaming,10381a8e-67c6-468a-ba32-86563fd933e0
bd73f3ee-f5a1-4f0a-ba36-b892326e6fb3,My name is Arthur Morgan 😢😢,NEUTRAL,0,SADNESS,My name is Arthur Morgan :crying_face: :crying_face:,neutral (0.975),gaming,1d1c00eb-7828-4518-bbe6-ed76b8780984
8d12e636-6954-4b95-bbd6-705d161f86a5,80 hours,NEUTRAL,1,"",80 hours,neutral (0.998),gaming,1d1c00eb-7828-4518-bbe6-ed76b8780984
8581d072-cb11-4e29-bb8e-e13a1b4cd817,thefactspie,NEUTRAL,1,"",thefactspie,neutral (0.998),gaming,1d1c00eb-7828-4518-bbe6-ed76b8780984
9ad975cc-7e76-4c21-a90e-da1553def101,💔🥷🏻,SADNESS,1,"",:broken_heart: :ninja_light_skin_tone:,sadness (0.95),gaming,1d1c00eb-7828-4518-bbe6-ed76b8780984
a2d7d402-5d1d-41e9-93b3-7a419c024f97,"You didn't get every dreamcatcher, rock carving herb or dinosaur bone.😂😂😂",NEUTRAL,0,JOY,"You didn't get every dreamcatcher, rock carving herb or dinosaur bone. :face_with_tears_of_joy: :face_with_tears_of_joy: :face_with_tears_of_joy:",neutral (0.75),gaming,1d1c00eb-7828-4518-bbe6-ed76b8780984
3a9b286f-c9af-4961-8630-042ce61fa985,The literal day I introduced my bf to Sea of Thieves we got targeted by the Kraken. I may have traumatized him.,SADNESS,1,"",The literal day I introduced my bf to Sea of Thieves we got targeted by the Kraken. I may have traumatized him.,sadness (0.441),gaming,2a5e2c4f-7aa7-44b9-a91f-1395a7df01e0
c376768e-cbed-43bc-83fe-7406e0d8f786,game?,NEUTRAL,0,SURPRISE,game?,neutral (0.888),gaming,2a5e2c4f-7aa7-44b9-a91f-1395a7df01e0
6f08f590-d7f7-414a-a83f-eb333630bd72,😂,JOY,1,"",:face_with_tears_of_joy:,joy (0.569),gaming,2a5e2c4f-7aa7-44b9-a91f-1395a7df01e0
81eea4e2-4f8e-417e-8ebb-79268716e687,"""JESUSS CHRII-""🗣️",NEUTRAL,0,JOY,JESUSS CHRII :speaking_head:,neutral (0.997),gaming,2a5e2c4f-7aa7-44b9-a91f-1395a7df01e0
8a0409dd-5f49-4fb5-a5d3-5660846105a3,"Sails up, turn ship 180 degrees. Sails down and sail out of it, ez",NEUTRAL,1,"","Sails up, turn ship 180 degrees. Sails down and sail out of it, ez",neutral (0.997),gaming,2a5e2c4f-7aa7-44b9-a91f-1395a7df01e0
b6e5f397-1c1e-4037-b16e-4ede5b516ecc,Who the fuck forbid intelligence in this comment section,ANGER,1,"",Who the fuck forbid intelligence in this comment section,anger (0.91),gaming,4077932c-5d91-45f2-a7cf-0ec1d6151258
bcb4f190-1e3d-41f3-9f94-60bdac04ed89,Looks awesome but I always hold my breath when a game is shown because lately on releases they dont look the same.,JOY,1,"",Looks awesome but I always hold my breath when a game is shown because lately on releases they dont look the same.,admiration (0.968),gaming,4077932c-5d91-45f2-a7cf-0ec1d6151258
7a390712-0dc0-4828-8887-d98e61340420,I hope that they were given the time finish and aren’t rushed to release things,JOY,1,"",I hope that they were given the time finish and aren't rushed to release things,optimism (0.943),gaming,4077932c-5d91-45f2-a7cf-0ec1d6151258
8de452bd-ccf9-4e0e-a8fd-4c3e51f6176e,So the actual ending of 3 is Ciri becomes a Witcher… i wonder how many changes happened prior to Witcher 4😅,SURPRISE,1,"",So the actual ending of 3 is Ciri becomes a Witcher i wonder how many changes happened prior to Witcher 4 :grinning_face_with_sweat:,surprise (0.807),gaming,4077932c-5d91-45f2-a7cf-0ec1d6151258
5e685f53-deb3-4d02-8249-f229233a28b4,Tech demo is basically proof of concept no? Looks good but doubt the game will be like this,SURPRISE,1,"",Tech demo is basically proof of concept no? Looks good but doubt the game will be like this,confusion (0.696),gaming,4077932c-5d91-45f2-a7cf-0ec1d6151258
b1070af4-140a-4620-9c90-cba55eac4494,Crazy how it takes 15 hits to down you now adays🤣,JOY,1,"",Crazy how it takes 15 hits to down you now adays :rolling_on_the_floor_laughing:,amusement (0.874),gaming,55e9ebed-5739-4576-84da-fe7c9f052e41
4b65f679-96d1-4f7d-bed5-6c16b321cab8,"This games zombies is so bad, in bo2 and bo3 I couldn’t get passed round 40 now I can’t get to 100 easily and not even break a sweat 😓",SADNESS,1,"","This games zombies is so bad, in bo2 and bo3 I couldn't get passed round 40 now I can't get to 100 easily and not even break a sweat :downcast_face_with_sweat:",disappointment (0.337),gaming,55e9ebed-5739-4576-84da-fe7c9f052e41
a60cb4f2-013a-4343-adc1-4015261f6bfe,@alezzztorb uff,NEUTRAL,1,"",uff,neutral (0.998),gaming,55e9ebed-5739-4576-84da-fe7c9f052e41
f975b623-8168-454e-adbb-751e5a24a81a,💀😂😂,NEUTRAL,0,JOY,:skull: :face_with_tears_of_joy: :face_with_tears_of_joy:,neutral (0.569),gaming,55e9ebed-5739-4576-84da-fe7c9f052e41
2f1f5c44-1444-4ea5-b10e-7fcc38b06154,Dried precum lookin ahh,NEUTRAL,1,"",Dried precum lookin ahh,neutral (0.995),gaming,5d875cbe-40ff-4ccc-9dab-ab39f3fd336c
c6f7f2c7-cd54-41fd-a437-836e91a084fe,Bro I learnt that it is mostly salts dissolved in h2o 😂😂 wdh is this,NEUTRAL,0,ANGER,Bro I learnt that it is mostly salts dissolved in h2o :face_with_tears_of_joy: :face_with_tears_of_joy: wdh is this,neutral (0.64),gaming,5d875cbe-40ff-4ccc-9dab-ab39f3fd336c
320f55b3-33a1-46b2-854a-2dd4a40e1951,That's glue,NEUTRAL,1,"",That's glue,neutral (0.997),gaming,5d875cbe-40ff-4ccc-9dab-ab39f3fd336c
97947335-521f-4806-b3f7-0aa6a0d72f45,"Earbuds, earphones, AirPods, speaker on Discord/PS Mobile app/Xbox Mobile app…come on bruva! Smh",NEUTRAL,0,SADNESS,"Earbuds, earphones, AirPods, speaker on DiscordPS Mobile appXbox Mobile appcome on bruva! Smh",neutral (0.998),gaming,5d875cbe-40ff-4ccc-9dab-ab39f3fd336c
7bd9bc0e-e5f9-4d18-988a-d1576bdba745,Since when did sweat dry white - clearly glue,SURPRISE,0,SADNESS,Since when did sweat dry white clearly glue,curiosity (0.407),gaming,5d875cbe-40ff-4ccc-9dab-ab39f3fd336c
f1ac9cbc-fa19-4170-a8a7-404ab87f3a32,"Sam’s long overdue for his own show, Hayden got his flowers last celebration, but I’m here for all the flowers for Ahmed Best",NEUTRAL,1,"","Sam's long overdue for his own show, Hayden got his flowers last celebration, but I'm here for all the flowers for Ahmed Best",neutral (0.663),gaming,6f11060f-e30d-4d87-b638-c5687eee8776
1804b8d2-20a5-4998-81bc-ec963607084d,❤️❤️❤️,NEUTRAL,0,JOY,:red_heart: :red_heart: :red_heart:,neutral (0.998),gaming,6f11060f-e30d-4d87-b638-c5687eee8776
b183e039-5c4e-4ac1-965c-a68b4092c6a2,Now play deadspace,NEUTRAL,1,"",Now play deadspace,neutral (0.998),gaming,6f11060f-e30d-4d87-b638-c5687eee8776
6891e622-4ca5-4b76-b69d-e04043751f9c,This guy is Henry Cavill of sw universe...they need more of him in the shows,NEUTRAL,0,JOY,This guy is Henry Cavill of sw universe...they need more of him in the shows,neutral (0.994),gaming,6f11060f-e30d-4d87-b638-c5687eee8776
94e00463-1f45-4ae4-836e-1d890349f813,curious.minds.lab,SURPRISE,1,"",curious.minds.lab,curiosity (0.874),gaming,6f11060f-e30d-4d87-b638-c5687eee8776
879d7485-be07-4e9a-b9ae-ed570aeb76a4,"About 8 hours into this game! I am really enjoying it as a Harry Potter fan and a gamer! Nothing ground breaking here by any means but it takes proven fun game mechanics we have seen in other great games and then throws them into a polished open world Hogwarts and it's surrounding areas. The only little jab I can give so far is the outfits are a bit reminiscent of saints row or dead rising games where you look a bit funny compared to everyone else in the cutscenes! But hey, I find that stuff hilarious so I give it a free pass 🤣",JOY,1,"","About 8 hours into this game! I am really enjoying it as a Harry Potter fan and a gamer! Nothing ground breaking here by any means but it takes proven fun game mechanics we have seen in other great games and then throws them into a polished open world Hogwarts and it's surrounding areas. The only little jab I can give so far is the outfits are a bit reminiscent of saints row or dead rising games where you look a bit funny compared to everyone else in the cutscenes! But hey, I find that stuff hilarious so I give it a free pass :rolling_on_the_floor_laughing:",joy (0.741),gaming,743c3ce7-6868-4847-b3d2-24c85a37f571
ff6c45a9-118b-4d7a-b0c1-37e44e3f5907,Why is this pinned lol,JOY,1,"",Why is this pinned lol,amusement (0.974),gaming,743c3ce7-6868-4847-b3d2-24c85a37f571
d1d51f6a-0d39-4f74-842d-b5319a0d8ac5,Can’t wait to see the murder sprees that will take place in hogwarts,JOY,1,"",Can't wait to see the murder sprees that will take place in hogwarts,excitement (0.782),gaming,743c3ce7-6868-4847-b3d2-24c85a37f571
d1b894bc-7046-43f9-86f7-f32715f252a0,@craigp9 beyond excited!!!!,JOY,1,"",beyond excited!!!!,excitement (0.93),gaming,743c3ce7-6868-4847-b3d2-24c85a37f571
3c7aa97c-eba4-4333-9724-df864fdfe9b6,Lester loved the lady boys,JOY,1,"",Lester loved the lady boys,love (0.992),gaming,832bb0b8-07ce-45ed-923e-5d025d385efc
af186f12-7006-428d-8c59-858fc1eaffa4,Odd question. Will we(GTAO Protagonist) be in gta 6?,SURPRISE,1,"",Odd question. Will weGTAO Protagonist be in gta 6?,curiosity (0.835),gaming,832bb0b8-07ce-45ed-923e-5d025d385efc
a8625794-72df-41a6-8685-40522a9beb16,I thank them for that,JOY,1,"",I thank them for that,gratitude (0.999),gaming,832bb0b8-07ce-45ed-923e-5d025d385efc
a90f7cc2-acf4-4b15-bb34-c0b3131d7db5,Any danger of you following the damn train?!,SURPRISE,1,"",Any danger of you following the damn train?!,curiosity (0.618),gaming,9052af05-c52c-4e7a-8ec9-32594b0cedc6
a9816a7a-b49a-466a-a342-b6de892250f3,Completely necessary,NEUTRAL,1,"",Completely necessary,neutral (0.707),gaming,9052af05-c52c-4e7a-8ec9-32594b0cedc6
259a0f2a-e730-4bc8-ab73-ecba0f4b2691,Guess we knows where his underwear went now.,NEUTRAL,1,"",Guess we knows where his underwear went now.,neutral (0.985),sport,0bf48ad4-065a-41d4-bc63-72169b9f4909
93ff41fd-bea9-4c80-b840-9b2b5f3df400,Joker is a dirty player. Why do people not see this?,ANGER,1,"",Joker is a dirty player. Why do people not see this?,annoyance (0.483),sport,0bf48ad4-065a-41d4-bc63-72169b9f4909
4aecdaef-b2fe-4ad4-9354-4aa99b26762c,U know Bones want smoke…they sent him packing🤷🏽‍♂️🤝,NEUTRAL,1,"",U know Bones want smokethey sent him packing :man_shrugging_medium_skin_tone: :handshake:,neutral (0.998),sport,0bf48ad4-065a-41d4-bc63-72169b9f4909
e5926ce8-7d68-44b7-823a-b1aa6326b573,Best angle I’ve seen . W camera person!,JOY,1,"",Best angle I've seen . W camera person!,admiration (0.994),sport,0bf48ad4-065a-41d4-bc63-72169b9f4909
d5d435c0-74cf-47ad-8a79-bb3be74d98d8,😭,NEUTRAL,0,SADNESS,:loudly_crying_face:,neutral (0.971),sport,0bf48ad4-065a-41d4-bc63-72169b9f4909
56527fcd-109e-47b5-b900-efc1c47ad532,He gon cry in the car😂,SADNESS,0,JOY,He gon cry in the car :face_with_tears_of_joy:,sadness (0.39),sport,103a02b2-5b2f-40b1-bf74-0c8a645ea726
c6fb3b58-1468-44d2-8994-b9d9f68e2ca6,"He paid for the ticket, parking, food and beer I don’t blame him for wanting the free baseball",NEUTRAL,1,"","He paid for the ticket, parking, food and beer I don't blame him for wanting the free baseball",neutral (0.779),sport,103a02b2-5b2f-40b1-bf74-0c8a645ea726
fba0eec0-ecef-4dfc-bb9e-5ae7504cd221,🤦‍♂️,NEUTRAL,0,ANGER,:man_facepalming:,neutral (0.998),sport,103a02b2-5b2f-40b1-bf74-0c8a645ea726
64be47a6-c259-49d0-9170-4371ef966d6c,Sent what?,NEUTRAL,0,SURPRISE,Sent what?,neutral (0.799),sport,103a02b2-5b2f-40b1-bf74-0c8a645ea726
1b5c95cd-0656-42e7-ab76-cd0fb2026a76,Oh man! Amazing catch! Pretty he’s in lots of pain the next day!,JOY,1,"",Oh man! Amazing catch! Pretty he's in lots of pain the next day!,admiration (0.945),sport,103a02b2-5b2f-40b1-bf74-0c8a645ea726
77ce2088-530c-4cd3-b868-0acc8c043ffc,😂😂,NEUTRAL,0,JOY,:face_with_tears_of_joy: :face_with_tears_of_joy:,neutral (0.481),sport,22ca5826-1933-435c-b63f-d93f09616b19
a36763fa-221a-4778-81f8-6f36e080b9cf,Bro could’ve grabbed those lebunbuns,NEUTRAL,1,"",Bro could've grabbed those lebunbuns,neutral (0.997),sport,22ca5826-1933-435c-b63f-d93f09616b19
3220cd6e-18d3-4b85-9366-6e54ce0a459a,I woudlve caught thattt 😭😭,NEUTRAL,0,SADNESS,I woudlve caught thattt :loudly_crying_face: :loudly_crying_face:,neutral (0.977),sport,22ca5826-1933-435c-b63f-d93f09616b19
59803996-e8b9-4e14-b04e-a889022c4dd6,Lelap dance,NEUTRAL,1,"",Lelap dance,neutral (0.997),sport,22ca5826-1933-435c-b63f-d93f09616b19
23eb5819-29c9-48d3-a633-5a3864369fef,🔥🔥🔥,NEUTRAL,0,JOY,:fire: :fire: :fire:,neutral (0.998),sport,22ca5826-1933-435c-b63f-d93f09616b19
a4ba861e-d588-401a-9ac9-c72fabb5f528,INJUSTICE!!!! He wanted the whole fry!!,NEUTRAL,0,ANGER,INJUSTICE!!!! He wanted the whole fry!!,neutral (0.982),sport,359160e7-836e-4a9e-a279-8518db80c562
a59cb985-aac5-438b-854a-0f2772403461,Would have just handed the whole container over 🐶😂,NEUTRAL,1,"",Would have just handed the whole container over :dog_face: :face_with_tears_of_joy:,neutral (0.963),sport,359160e7-836e-4a9e-a279-8518db80c562
c120bfa1-b6a2-4043-a1cb-038cc6ea9468,Stingy af,NEUTRAL,0,ANGER,Stingy af,neutral (0.997),sport,359160e7-836e-4a9e-a279-8518db80c562
a346c3bd-6fea-45f5-a1df-91743de3e7cc,🩷,NEUTRAL,0,JOY,:pink_heart:,neutral (0.998),sport,359160e7-836e-4a9e-a279-8518db80c562
aef21566-217b-4ddf-9479-440d950cadc3,😭,NEUTRAL,0,SADNESS,:loudly_crying_face:,neutral (0.971),sport,359160e7-836e-4a9e-a279-8518db80c562
6ff61366-967e-4ab5-92eb-f0087064db30,wsmvtv,NEUTRAL,1,"",wsmvtv,neutral (0.998),sport,39cf71ea-b3a5-4d21-8cbf-fae2f5702b9c
11c4e56b-5c48-47f6-9364-4b0cd36bae51,🔥🔥🔥🔥🔥🔥🔥,NEUTRAL,0,JOY,:fire: :fire: :fire: :fire: :fire: :fire: :fire:,neutral (0.998),sport,39cf71ea-b3a5-4d21-8cbf-fae2f5702b9c
de7a3008-e8fb-4bb0-8011-ae73081e6efe,Good Dad 🫶,JOY,1,"",Good Dad :heart_hands:,admiration (0.958),sport,39cf71ea-b3a5-4d21-8cbf-fae2f5702b9c
d02d9a72-804b-45b8-8543-be0491ff5c81,Someone check on Dad. He just watched his baby boy play in the majors. He is going through it. 😭,NEUTRAL,0,JOY,Someone check on Dad. He just watched his baby boy play in the majors. He is going through it. :loudly_crying_face:,neutral (0.877),sport,39cf71ea-b3a5-4d21-8cbf-fae2f5702b9c
af7fbf3d-a935-453e-83ce-bc0fae9349a0,nikolaisavic,NEUTRAL,1,"",nikolaisavic,neutral (0.997),sport,39cf71ea-b3a5-4d21-8cbf-fae2f5702b9c
f7e85da1-d8dd-4e9d-8fc5-14db05ac490f,Philadelphia. Philadelphia beats this environment.,NEUTRAL,1,"",Philadelphia. Philadelphia beats this environment.,neutral (0.836),sport,58860c6b-367e-4a18-9069-38e1f9e3bb8e
62a5f84e-668b-48a3-a02e-885fc1d93fd0,While chanting a futbol chant lmao,JOY,1,"",While chanting a futbol chant lmao,amusement (0.889),sport,58860c6b-367e-4a18-9069-38e1f9e3bb8e
5b1e6195-1bef-4c3a-aba2-3bb5950e05f5,lol any futbol stadium or basketball stadium in Europe. But maybe for that sport yes,JOY,1,"",lol any futbol stadium or basketball stadium in Europe. But maybe for that sport yes,amusement (0.974),sport,58860c6b-367e-4a18-9069-38e1f9e3bb8e
f62bf7f6-4802-4534-ba6b-ed86ec321074,Oh nice when’s the last time they’ve won the cup?,SURPRISE,1,"",Oh nice when's the last time they've won the cup?,curiosity (0.928),sport,58860c6b-367e-4a18-9069-38e1f9e3bb8e
8e592a2c-54e0-47e7-beea-5c0e87cc8702,Lincoln financial field. Xfinity mobile center. Citizens bank park,NEUTRAL,1,"",Lincoln financial field. Xfinity mobile center. Citizens bank park,neutral (0.998),sport,58860c6b-367e-4a18-9069-38e1f9e3bb8e
c1e20b8a-4d43-462b-a924-c7d7f2a0bb49,🇺🇸🇺🇸🇺🇸🇺🇸🇺🇸🇺🇸🇺🇸🇺🇸🇺🇸🇺🇸🇺🇸🔥🔥🙌🙌🙌🙌🙌🙌,NEUTRAL,0,JOY,:United_States: :United_States: :United_States: :United_States: :United_States: :United_States: :United_States: :United_States: :United_States: :United_States: :United_States: :fire: :fire: :raising_hands: :raising_hands: :raising_hands: :raising_hands: :raising_hands: :raising_hands:,neutral (0.998),sport,5c004dec-b9b3-43ad-8990-32666fd41bf9
9b3d7aa7-0d4e-435f-98cc-e9a3c9555240,🇺🇸 Very cool,JOY,1,"",:United_States: Very cool,admiration (0.674),sport,5c004dec-b9b3-43ad-8990-32666fd41bf9
468bcc17-6143-48e0-ab3e-6528a58ed951,tough 🔥,NEUTRAL,0,JOY,tough :fire:,neutral (0.997),sport,5c004dec-b9b3-43ad-8990-32666fd41bf9
1d69dc36-8180-4807-b5f4-2a4cad820b44,🙌❤️👏👏👏🫡,NEUTRAL,0,JOY,:raising_hands: :red_heart: :clapping_hands: :clapping_hands: :clapping_hands: :saluting_face:,neutral (0.998),sport,5c004dec-b9b3-43ad-8990-32666fd41bf9
a090ec4b-cdf4-4637-84c5-ac51fb6cc7a1,🔥,NEUTRAL,0,JOY,:fire:,neutral (0.998),sport,7c02a8b0-5015-45cf-93a6-4794ed620b70
027b769e-6ee3-4d36-9a81-b83947fcec79,Lucky his shirt was tucked in,JOY,1,"",Lucky his shirt was tucked in,joy (0.753),sport,7c02a8b0-5015-45cf-93a6-4794ed620b70
0dee855d-7e4e-45f1-a593-8b33a7ade700,@zgembo24 😳😂😂😂😂,NEUTRAL,0,JOY,:flushed_face: :face_with_tears_of_joy: :face_with_tears_of_joy: :face_with_tears_of_joy: :face_with_tears_of_joy:,neutral (0.872),sport,7c02a8b0-5015-45cf-93a6-4794ed620b70
ee008d14-4188-4935-948c-743c9676a9bf,"This reel has 7,376 comments from Facebook.",NEUTRAL,1,"","This reel has 7,376 comments from Facebook.",neutral (0.997),sport,7c02a8b0-5015-45cf-93a6-4794ed620b70
94e879a2-7ec5-4818-9653-585248d4c922,Does that count as a catch?,SURPRISE,1,"",Does that count as a catch?,confusion (0.481),sport,7c02a8b0-5015-45cf-93a6-4794ed620b70
6e37da9c-bab8-4132-ad75-7a60d30efc1c,So D Book gets a Tech for trying to save a ball but Shai doesn’t get one for flipping a guy off on the court? Make it make sense?,NEUTRAL,0,ANGER,So D Book gets a Tech for trying to save a ball but Shai doesn't get one for flipping a guy off on the court? Make it make sense?,neutral (0.495),sport,854429cd-907c-4646-ac7d-b842079cd493
673fe27a-7779-41c9-af3b-548324ea9b47,espn,NEUTRAL,1,"",espn,neutral (0.998),sport,854429cd-907c-4646-ac7d-b842079cd493
d16cbc6e-2925-4648-a0e2-a45b34af1c28,"He only had 9 free throws last night, what’s yall excuse now🤡",NEUTRAL,0,ANGER,"He only had 9 free throws last night, what's yall excuse now :clown_face:",neutral (0.976),sport,854429cd-907c-4646-ac7d-b842079cd493
188cf5a1-c530-49a0-9a56-4d7cbd5aa9fd,😴,NEUTRAL,1,"",:sleeping_face:,neutral (0.998),sport,854429cd-907c-4646-ac7d-b842079cd493
9a24ebcd-a35b-4c8e-8475-338012e49262,White boys crying in the comment section 😂☠️ sga lives rent free,NEUTRAL,0,JOY,White boys crying in the comment section :face_with_tears_of_joy: :skull_and_crossbones: sga lives rent free,neutral (0.76),sport,854429cd-907c-4646-ac7d-b842079cd493
b5ec0c14-d71c-48a5-a4ff-48626eaa8a78,NEW META?,NEUTRAL,0,SURPRISE,NEW META?,neutral (0.89),sport,cb1adc7b-760e-4593-8146-32a6fc43da85
762299fd-68f4-4d48-9d60-047b5dd2f1ac,Knuckles,NEUTRAL,1,"",Knuckles,neutral (0.997),sport,cb1adc7b-760e-4593-8146-32a6fc43da85
b9dc5e3d-8be1-4053-ad9c-180af63d12c7,Just like game 4-5 of a Sunday at a 12U tournament.,NEUTRAL,1,"",Just like game 45 of a Sunday at a 12U tournament.,neutral (0.919),sport,cb1adc7b-760e-4593-8146-32a6fc43da85
c0888f97-6f21-4ed8-a9c7-a9a6873877db,Throwing that EEPHUS SMOKE!,ANGER,1,"",Throwing that EEPHUS SMOKE!,anger (0.526),sport,cb1adc7b-760e-4593-8146-32a6fc43da85
998a524c-5331-474c-8db8-eb43b8404bde,Aye…. It takes guts to get on a mound and have balls whizzing by your head. Being a pitcher isn’t easy🤣🤣,JOY,1,"",Aye. It takes guts to get on a mound and have balls whizzing by your head. Being a pitcher isn't easy :rolling_on_the_floor_laughing: :rolling_on_the_floor_laughing:,amusement (0.784),sport,cb1adc7b-760e-4593-8146-32a6fc43da85
3049e70d-9dd0-433c-8b56-dad3437220ae,"Mine doesn’t change to laundry icon 🤷🏻‍♀️ The iOS is 18 , iPhone 12 Pro",NEUTRAL,1,"","Mine doesn't change to laundry icon :woman_shrugging_light_skin_tone: The iOS is 18 , iPhone 12 Pro",neutral (0.991),tech,0c100486-e464-4868-9e3a-6c642dc7a037
aba69905-827e-4cf3-ba8b-9916475de5c3,Ain’t nobody got time for this 💩,NEUTRAL,0,ANGER,Ain't nobody got time for this :pile_of_poo:,neutral (0.916),tech,0c100486-e464-4868-9e3a-6c642dc7a037
a04b0a53-f043-462a-a83a-7a7c47e4e512,"That's so cool. Okay, I like that.",JOY,1,"","That's so cool. Okay, I like that.",admiration (0.727),tech,0c100486-e464-4868-9e3a-6c642dc7a037
863b75e0-d8ac-431d-ac0e-6df2225c933e,iramsfoodstory,NEUTRAL,1,"",iramsfoodstory,neutral (0.998),tech,0c100486-e464-4868-9e3a-6c642dc7a037
212bbf2e-4097-42f2-94c1-efe9b7dba7c5,😮😂,NEUTRAL,0,SURPRISE,:face_with_open_mouth: :face_with_tears_of_joy:,neutral (0.658),tech,17492f21-70d9-48f6-a5d5-6f760bc758a1
c2603b31-4982-45b2-be6b-937600b01cdd,👗 that red one looks good btw 😂😂,JOY,1,"",:dress: that red one looks good btw :face_with_tears_of_joy: :face_with_tears_of_joy:,joy (0.387),tech,17492f21-70d9-48f6-a5d5-6f760bc758a1
323d0347-a16f-449c-a1de-409342a574f7,Hamas is not freeing Palestine it is keeping it hostage under terror,NEUTRAL,1,"",Hamas is not freeing Palestine it is keeping it hostage under terror,neutral (0.913),tech,17492f21-70d9-48f6-a5d5-6f760bc758a1
1cc4ea7d-3aea-4984-b087-c4b23c4b56e6,Nip slip,NEUTRAL,1,"",Nip slip,neutral (0.998),tech,17492f21-70d9-48f6-a5d5-6f760bc758a1
1da30550-83bd-4273-99b4-74e17f17e24f,We got... We got MKBredressHD before GTA6 🗣️🗣️🗣️🗣️🗣️🗣️🗣️🗣️,NEUTRAL,0,SURPRISE,We got... We got MKBredressHD before GTA6 :speaking_head: :speaking_head: :speaking_head: :speaking_head: :speaking_head: :speaking_head: :speaking_head: :speaking_head:,neutral (0.998),tech,17492f21-70d9-48f6-a5d5-6f760bc758a1
a35650de-ddbf-4177-932d-692676b42186,Massive,NEUTRAL,0,JOY,Massive,neutral (0.968),tech,437608dc-07d8-4437-8175-3a3b7f361306
b92f68d8-f2cf-4ecc-ae1c-0d326d78ab31,"However, over an extended period, the hinges tend to develop creases.",NEUTRAL,1,"","However, over an extended period, the hinges tend to develop creases.",neutral (0.963),tech,437608dc-07d8-4437-8175-3a3b7f361306
ada7722e-b346-4ae8-9973-ea381502a53b,Nice review 👏,JOY,1,"",Nice review :clapping_hands:,admiration (0.984),tech,437608dc-07d8-4437-8175-3a3b7f361306
05ce0d19-b7fa-4907-b022-268af4bd080d,Jerry Wya,NEUTRAL,1,"",Jerry Wya,neutral (0.998),tech,437608dc-07d8-4437-8175-3a3b7f361306
b293dd42-2c54-4daf-af9e-f61f45f48748,Doug’s the type of guy to invade another man’s video to showcase quirks and features of someone else’s car.,NEUTRAL,1,"",Doug's the type of guy to invade another man's video to showcase quirks and features of someone else's car.,neutral (0.984),tech,437608dc-07d8-4437-8175-3a3b7f361306
f385f0f8-ea07-4d12-bc33-6d3b3cac03b3,😂😂,NEUTRAL,0,JOY,:face_with_tears_of_joy: :face_with_tears_of_joy:,neutral (0.481),tech,629c5f2d-c9db-4ad2-b297-a69ec903e799
66d73d30-6489-47c8-a202-d69e1b3537a2,It’s a land guppy,NEUTRAL,1,"",It's a land guppy,neutral (0.997),tech,629c5f2d-c9db-4ad2-b297-a69ec903e799
9a66b1f9-ee90-455f-b3e4-385b0328dfec,I would buy it so much love it,JOY,1,"",I would buy it so much love it,love (0.986),tech,629c5f2d-c9db-4ad2-b297-a69ec903e799
ac95b87a-7d40-426f-805a-d8ba2f20f580,And their stocks too,NEUTRAL,1,"",And their stocks too,neutral (0.998),tech,629c5f2d-c9db-4ad2-b297-a69ec903e799
b6f09497-3e0a-42f1-b92e-992197fc275d,Lol was that you in the trunk??,JOY,1,"",Lol was that you in the trunk??,amusement (0.984),tech,629c5f2d-c9db-4ad2-b297-a69ec903e799
e03cdc24-e311-4cd6-b995-661322901a99,Just buy Samsung bro,NEUTRAL,0,SADNESS,Just buy Samsung bro,neutral (0.997),tech,6bda7d25-32ab-4299-a4f5-52d8ddb44a1a
92d28814-bedd-46b3-99b5-db051a8ff42d,Mmm give it a try with your RED 🙌 let's see what happens,JOY,0,ANGER,Mmm give it a try with your RED :raising_hands: let's see what happens,optimism (0.274),tech,6bda7d25-32ab-4299-a4f5-52d8ddb44a1a
46b65169-d23b-43f4-a8bd-a64c0e9f3091,Lidar is very probable,NEUTRAL,1,"",Lidar is very probable,neutral (0.947),tech,6bda7d25-32ab-4299-a4f5-52d8ddb44a1a
c44b5945-a47f-4744-818f-2acfc1270056,"LIDAR is a new thing. But Apple iphone cameras are the most impacted in any lasers in night clubs and musical concerts, it already put in social media. But this is new, a new tech implementation creating a new real world problem.",NEUTRAL,1,"","LIDAR is a new thing. But Apple iphone cameras are the most impacted in any lasers in night clubs and musical concerts, it already put in social media. But this is new, a new tech implementation creating a new real world problem.",neutral (0.934),tech,6bda7d25-32ab-4299-a4f5-52d8ddb44a1a
3632fdb4-2162-4373-9fc5-e0683a1c630a,@jcfullmer going to get this for @patrickt716 and have it activate anytime he uses flash stupidly,NEUTRAL,1,"",going to get this for and have it activate anytime he uses flash stupidly,neutral (0.962),tech,89cb4fc4-84e2-4db5-b1ee-9fc84781f08d
6b593044-4f63-42d6-a8f2-647f7f831542,Thanks. I'll make sure not to do this,JOY,1,"",Thanks. I'll make sure not to do this,gratitude (0.999),tech,89cb4fc4-84e2-4db5-b1ee-9fc84781f08d
aa0a8ee5-eaf6-4ddf-8106-9af278045324,Cyberpunk Era LOADING 😎,NEUTRAL,0,JOY,Cyberpunk Era LOADING :smiling_face_with_sunglasses:,neutral (0.995),tech,89cb4fc4-84e2-4db5-b1ee-9fc84781f08d
9f0bff55-3c9a-4a8a-9bac-b3b96529f886,This kinda tech is too much in my opinion. It's cool for sure...but a determent to society always being this connected/distracted!,JOY,0,NEUTRAL,This kinda tech is too much in my opinion. It's cool for sure...but a determent to society always being this connecteddistracted!,approval (0.846),tech,89cb4fc4-84e2-4db5-b1ee-9fc84781f08d
3d78aa43-09c5-459f-9ef8-d702faffa916,I’ve a friend who’s weekend gig work is to listen to these radios and making sure it’s not getting tampered. Very cool tech as an EE,JOY,1,"",I've a friend who's weekend gig work is to listen to these radios and making sure it's not getting tampered. Very cool tech as an EE,admiration (0.753),tech,911542e5-75da-4eef-8d04-362b4d451472
1d680973-6ff8-4f96-9af8-992865ed863c,Very cool,JOY,1,"",Very cool,admiration (0.968),tech,911542e5-75da-4eef-8d04-362b4d451472
83cd20f3-5829-4369-84be-1577296911f6,Thank you.,JOY,1,"",Thank you.,gratitude (0.999),tech,911542e5-75da-4eef-8d04-362b4d451472
cc5b062f-35b4-4b94-b8dc-a9a3c7cd53c6,VIKINGS!!!!!!! GREAT CHOICE!,JOY,1,"",VIKINGS!!!!!!! GREAT CHOICE!,admiration (0.995),tech,911542e5-75da-4eef-8d04-362b4d451472
1a9e2a2f-c2ef-43ac-8a83-ae8adff72fe7,I always wanted to know thank you!! 🙏🏼,JOY,1,"",I always wanted to know thank you!! :folded_hands_mediumlight_skin_tone:,gratitude (0.66),tech,911542e5-75da-4eef-8d04-362b4d451472
6a9b2a66-fd6e-4675-a814-55ffb2bf5e3b,💎💎💎,NEUTRAL,1,"",:gem_stone: :gem_stone: :gem_stone:,neutral (0.998),tech,a616549e-846e-4f2a-8263-3bf600602d78
9fbe499b-0863-4f80-9301-ef0c74d80b26,"Because it’s ceramic, can you sharpen a knife on the back?",NEUTRAL,0,SURPRISE,"Because it's ceramic, can you sharpen a knife on the back?",neutral (0.501),tech,a616549e-846e-4f2a-8263-3bf600602d78
08bcde54-3c1b-4685-9916-8baf2dc7b4e1,"Oneplus 15: I'm not in danger, I'm the danger.",NEUTRAL,1,"","Oneplus 15: I'm not in danger, I'm the danger.",neutral (0.937),tech,a616549e-846e-4f2a-8263-3bf600602d78
f39808b8-a086-47cf-8f76-0dea10ec2206,SO WE CAN SHARP A KNIFE ON IT,NEUTRAL,0,SURPRISE,SO WE CAN SHARP A KNIFE ON IT,neutral (0.99),tech,a616549e-846e-4f2a-8263-3bf600602d78
77ab9d8f-8259-4385-a67a-3bace8f55f7d,🔥,NEUTRAL,0,JOY,:fire:,neutral (0.998),tech,ae599560-e889-496f-b9c8-6cb04da85317
1fb745a0-1486-4877-b969-d900a2c5fafb,People complaining about Cpu in apple vision ! Having more horsepowers in a car doesnt mean its better or must be more expensive ! No one will use a VR headset in a heavy multitasking ! 🫩,NEUTRAL,0,ANGER,People complaining about Cpu in apple vision ! Having more horsepowers in a car doesnt mean its better or must be more expensive ! No one will use a VR headset in a heavy multitasking ! :face_with_bags_under_eyes:,neutral (0.597),tech,ae599560-e889-496f-b9c8-6cb04da85317
f8daf430-c2ec-4850-b659-32e3ecc23862,who tf honestly uses this crap and for what,ANGER,1,"",who tf honestly uses this crap and for what,anger (0.463),tech,ae599560-e889-496f-b9c8-6cb04da85317
25592105-d45b-4963-89c4-a5a2632ab9b3,Samsung constantly running circles around Apple smh,NEUTRAL,0,SADNESS,Samsung constantly running circles around Apple smh,neutral (0.997),tech,ae599560-e889-496f-b9c8-6cb04da85317
02f3a81f-2c8b-438b-bf42-4b83a79ccfd2,And the Samsung Vision Pro is gonna break after a year of use just like all their appliances.,NEUTRAL,1,"",And the Samsung Vision Pro is gonna break after a year of use just like all their appliances.,neutral (0.976),tech,ae599560-e889-496f-b9c8-6cb04da85317
5d161872-8fc6-47c7-8448-7c76d57dba33,10000 mah is crazy,JOY,1,"",10000 mah is crazy,excitement (0.419),tech,c6c4a090-2f6b-42df-8f54-9614f9287179
c13a68bb-941a-415e-80b9-f376a4f3694e,"I was fully expecting 7,000-8,000, but damnnn 10,000!!!",NEUTRAL,0,JOY,"I was fully expecting 7,0008,000, but damnnn 10,000!!!",neutral (0.397),tech,c6c4a090-2f6b-42df-8f54-9614f9287179
14d2629e-3b58-4c5c-ad2e-5ac36f5c7575,I wonder what it feels like to have an iPhone 😔🤍,SURPRISE,0,SADNESS,I wonder what it feels like to have an iPhone :pensive_face: :white_heart:,surprise (0.814),tech,c6c4a090-2f6b-42df-8f54-9614f9287179
df97f608-4237-4ab2-895d-3cc7a79e70d7,Lol,JOY,1,"",Lol,amusement (0.987),tech,c6c4a090-2f6b-42df-8f54-9614f9287179
01c803a7-0276-4d6c-8427-6915786d3f94,Inspiration 😂,NEUTRAL,0,JOY,Inspiration :face_with_tears_of_joy:,neutral (0.809),tech,c6c4a090-2f6b-42df-8f54-9614f9287179
