"id","text","video_id","category","clean_text","model_prediction","is_correct","actual_pillar","notes"
"2d5982a8-9f33-413b-90c4-a20e5ff362f7","neighbours:","24648b27-cd4f-4ad6-82ba-e5dc775910b9","comedy","neighbours:","NEUTRAL","1","","neutral (0.998)"
"2a56c77d-d349-444b-80ac-90662473db4e","letter pfp seeing this:","24648b27-cd4f-4ad6-82ba-e5dc775910b9","comedy","letter pfp seeing this:","NEUTRAL","1","","neutral (0.998)"
"fd74c41c-67f8-46a1-9a09-90c682ed2296","[Sticker] no way brosquito won a 1v3 against higher levels 😭🙏","24648b27-cd4f-4ad6-82ba-e5dc775910b9","comedy","no way brosquito won a 1v3 against higher levels :loudly_crying_face: :folded_hands:","NEUTRAL","0","SURPRISE","neutral (0.809)"
"c8cad754-a1c9-48f9-beed-2849a3c88861","[Sticker] The camera man","24648b27-cd4f-4ad6-82ba-e5dc775910b9","comedy","The camera man","NEUTRAL","1","","neutral (0.998)"
"5947361a-15c7-46f3-8cd3-732c05909919","bedwars clutch","24648b27-cd4f-4ad6-82ba-e5dc775910b9","comedy","bedwars clutch","NEUTRAL","1","","neutral (0.998)"
"f13e5c66-b775-4d44-8d81-5a580a0e440a","Whole house mad","24648b27-cd4f-4ad6-82ba-e5dc775910b9","comedy","Whole house mad","NEUTRAL","1","","neutral (0.708)"
"424d9423-f6a1-4b88-a5ac-c2241505b51b","[Sticker] the cameraman:","24648b27-cd4f-4ad6-82ba-e5dc775910b9","comedy","the cameraman:","NEUTRAL","1","","neutral (0.998)"
"6519b496-36fb-4744-b3fd-efbb3de1dce9","effortlessly funny 🥰","72653211-7063-44dc-bee3-f9c6c73f1bd1","comedy","effortlessly funny :smiling_face_with_hearts:","JOY","1","","amusement (0.962)"
"61e8ae8d-d46c-4cf5-9abc-ad4eed657242","crowd sourcing comedy is very nice 😂😂😂","72653211-7063-44dc-bee3-f9c6c73f1bd1","comedy","crowd sourcing comedy is very nice :face_with_tears_of_joy: :face_with_tears_of_joy: :face_with_tears_of_joy:","JOY","1","","joy (0.45)"
"1099acc8-2827-42dd-bd54-4ff3dd5c94d4","Righttt😂","72653211-7063-44dc-bee3-f9c6c73f1bd1","comedy","Righttt :face_with_tears_of_joy:","JOY","1","","joy (0.55)"
"e43115bf-d90f-493d-b055-5c24a4608f15","where is my soulmate","72653211-7063-44dc-bee3-f9c6c73f1bd1","comedy","where is my soulmate","SURPRISE","1","","curiosity (0.36)"
"ffa9ca37-6df6-4b74-b5dd-4390aab69b6c","First one is a LAWSUIT! lol","7b88178b-0dea-411a-a27b-24694ebf3975","comedy","First one is a LAWSUIT! lol","JOY","1","","amusement (0.983)"
"540cbbaa-42c1-4528-9528-9d015be65760","It’s the “oh shit I’m gonna fall”","7b88178b-0dea-411a-a27b-24694ebf3975","comedy","It's the oh shit I'm gonna fall","SADNESS","1","","disappointment (0.277)"
"019c05dc-82f1-4501-b857-c1b88f1db02c","the moment she realized things didn’t go according to plan","7b88178b-0dea-411a-a27b-24694ebf3975","comedy","the moment she realized things didn't go according to plan","SURPRISE","1","","realization (0.899)"
"68ff6054-9d21-4785-8657-bb61c2656440","Last one is so Raven Baxter coded 😂","7b88178b-0dea-411a-a27b-24694ebf3975","comedy","Last one is so Raven Baxter coded :face_with_tears_of_joy:","NEUTRAL","0","JOY","neutral (0.756)"
"806bfaf0-02f9-4489-bd20-87dedbc8e681","The Lorax is real y'all.","7b88178b-0dea-411a-a27b-24694ebf3975","comedy","The Lorax is real y'all.","NEUTRAL","1","","neutral (0.866)"
"2cd6785c-320e-4c23-bc9a-6034554875df","tears are streaming","7b88178b-0dea-411a-a27b-24694ebf3975","comedy","tears are streaming","NEUTRAL","0","JOY","neutral (0.96)"
"88c05ac0-61f4-47bb-afe5-c2aa62204e37","movie name","84f77426-7c3e-475a-9953-497f977d3208","comedy","movie name","NEUTRAL","1","","neutral (0.994)"
"e8195b6a-030f-4f6c-b1a1-3e98a0de6627","[Sticker] respect","84f77426-7c3e-475a-9953-497f977d3208","comedy","respect","NEUTRAL","1","","neutral (0.385)"
"179ca006-6a9a-44fb-bb4e-03b487920c6d","Giorno Giovanna","84f77426-7c3e-475a-9953-497f977d3208","comedy","Giorno Giovanna","NEUTRAL","1","","neutral (0.997)"
"a8a58acb-2162-47c2-84a4-8776d21ff801","Bronx tale","84f77426-7c3e-475a-9953-497f977d3208","comedy","Bronx tale","NEUTRAL","1","","neutral (0.998)"
"5037dc33-cf07-400e-990d-640ad9324737","Goodfellas","84f77426-7c3e-475a-9953-497f977d3208","comedy","Goodfellas","NEUTRAL","1","","neutral (0.997)"
"15d30d04-c722-4d07-976f-d7283c95af8f","[Sticker] “Hey kid”","84f77426-7c3e-475a-9953-497f977d3208","comedy","Hey kid","NEUTRAL","1","","neutral (0.997)"
"ed7c0118-caa8-4b34-b868-39e2b22f0428","😂😂","8d71730b-e170-4754-8b11-ee5e6ed4b23b","comedy",":face_with_tears_of_joy: :face_with_tears_of_joy:","NEUTRAL","0","JOY","neutral (0.481)"
"e319b088-183a-4653-ac0e-330d8cc651fe","am I the only one who sees the line on the screen why's no one talking about that😭","8d71730b-e170-4754-8b11-ee5e6ed4b23b","comedy","am I the only one who sees the line on the screen why's no one talking about that :loudly_crying_face:","NEUTRAL","0","SURPRISE","neutral (0.554)"
"20555be6-cf1b-41a4-aab4-172ee1707eb5","does anyone else see the line through the screen","8d71730b-e170-4754-8b11-ee5e6ed4b23b","comedy","does anyone else see the line through the screen","NEUTRAL","0","SURPRISE","neutral (0.609)"
"ffd868fc-19a9-47f1-93b2-1b0ee664fbc2","I remember this little dude! He is hilarious!","8d71730b-e170-4754-8b11-ee5e6ed4b23b","comedy","I remember this little dude! He is hilarious!","JOY","1","","amusement (0.958)"
"6e900d73-f727-4985-a5c3-13c0ff4f621d","Mini house 😂😂😂","8d71730b-e170-4754-8b11-ee5e6ed4b23b","comedy","Mini house :face_with_tears_of_joy: :face_with_tears_of_joy: :face_with_tears_of_joy:","JOY","1","","joy (0.496)"
"8ba74d67-b2dd-4271-ad5b-0bf564d018c6","[Sticker] ✨","8d71730b-e170-4754-8b11-ee5e6ed4b23b","comedy",":sparkles:","NEUTRAL","1","","neutral (0.998)"
"7cf1d71d-4986-49c5-b05e-41d614b9847c","this is lego city house","8d71730b-e170-4754-8b11-ee5e6ed4b23b","comedy","this is lego city house","NEUTRAL","1","","neutral (0.997)"
"c3b7f0a4-041b-4444-add9-2cf5633ec651","now we put the customer on the gwillll","dfa6d026-88e7-4d21-9aab-775da5a5265c","comedy","now we put the customer on the gwillll","NEUTRAL","1","","neutral (0.998)"
"f5d36dac-9816-46cd-8836-9484a63d1499","I think he was probably nervous to talk to you","dfa6d026-88e7-4d21-9aab-775da5a5265c","comedy","I think he was probably nervous to talk to you","NEUTRAL","1","","neutral (0.904)"
"187a74b3-c7fe-4508-bad1-2c8ae49a45f4","he NEEDS to start streaming","dfa6d026-88e7-4d21-9aab-775da5a5265c","comedy","he NEEDS to start streaming","NEUTRAL","1","","neutral (0.997)"
"7ddca64a-1517-4511-9cfa-cd7eaab2d1a3","[Sticker] “AYOOO THATS SUS”","dfa6d026-88e7-4d21-9aab-775da5a5265c","comedy","AYOOO THATS SUS","NEUTRAL","0","ANGER","neutral (0.95)"
"2b6eea61-d0f7-4bb5-bd48-8a4e85dc20ad","[Sticker] pu what on the grill?","dfa6d026-88e7-4d21-9aab-775da5a5265c","comedy","pu what on the grill?","SURPRISE","1","","curiosity (0.621)"
"afd04827-ce89-4150-a689-88fa641aae17","[Sticker] How bro sees the world","dfa6d026-88e7-4d21-9aab-775da5a5265c","comedy","How bro sees the world","NEUTRAL","1","","neutral (0.993)"
"45c89cd8-f492-456a-887a-9b6b90110874","exactly what happened during covid with rivers and lakes all around the world. we are the pollution","00a4dd1d-1d03-4ab6-87d4-98dd4eaec44d","education","exactly what happened during covid with rivers and lakes all around the world. we are the pollution","JOY","0","SADNESS","approval (0.393)"
"edb66da0-5d45-4572-8f98-9b2014678cb7","They should do this in Hawaii 😔","00a4dd1d-1d03-4ab6-87d4-98dd4eaec44d","education","They should do this in Hawaii :pensive_face:","NEUTRAL","0","SADNESS","neutral (0.993)"
"9ca935b4-1c67-4922-a225-3e1a8c6312a4","They should do this with everything!!!","00a4dd1d-1d03-4ab6-87d4-98dd4eaec44d","education","They should do this with everything!!!","NEUTRAL","1","","neutral (0.996)"
"423ca358-e622-404b-8590-8cd9e5399fc2","thats just so sad yet beautiful","00a4dd1d-1d03-4ab6-87d4-98dd4eaec44d","education","thats just so sad yet beautiful","JOY","1","","admiration (0.458)"
"23a2f622-5962-4191-9942-15c936c23aa7","and that a good thing ☺️","00a4dd1d-1d03-4ab6-87d4-98dd4eaec44d","education","and that a good thing :smiling_face:","JOY","1","","admiration (0.572)"
"2709daa2-c7d9-4726-84d9-599a7ffb2e71","I never knew about that. Looks way more easier than what me and my brits do😂","597ebc13-d11d-453f-a647-dcd2058478c9","education","I never knew about that. Looks way more easier than what me and my brits do :face_with_tears_of_joy:","JOY","1","","joy (0.608)"
"ed8fa5f8-8ad2-43c0-a30a-a7584033a3ba","My teacher: THATS NOT HOW I TOUGHT YOU IT! me: MATH IS MATH 🤬","597ebc13-d11d-453f-a647-dcd2058478c9","education","My teacher: THATS NOT HOW I TOUGHT YOU IT! me: MATH IS MATH :face_with_symbols_on_mouth:","NEUTRAL","0","ANGER","neutral (0.774)"
"f6cdea8d-d765-4b2c-978b-c87a7a0b659f","makes sense! American multiplication never made sense to me, but this does!","597ebc13-d11d-453f-a647-dcd2058478c9","education","makes sense! American multiplication never made sense to me, but this does!","JOY","1","","approval (0.352)"
"ed130997-9a59-43f8-9fec-6fffa4650c76","I'm much gooder at English.","597ebc13-d11d-453f-a647-dcd2058478c9","education","I'm much gooder at English.","JOY","0","NEUTRAL","admiration (0.951)"
"7dd779d4-4e08-443f-af17-66c640e32bc0","I used to do this all the time at school and show it off to my friends but they didn’t care 😌 and that’s on being the ✨fifth wheel✨","597ebc13-d11d-453f-a647-dcd2058478c9","education","I used to do this all the time at school and show it off to my friends but they didn't care :relieved_face: and that's on being the :sparkles: fifth wheel :sparkles:","NEUTRAL","1","","neutral (0.909)"
"99e57524-c1f5-48e1-b22c-153095854434","What If it’s 99 times 99","597ebc13-d11d-453f-a647-dcd2058478c9","education","What If it's 99 times 99","NEUTRAL","1","","neutral (0.706)"
"4a301020-1d2c-4fd0-9c1a-3448753d7f85","I did it but I tried 65x31 and it gave me a wrong answer","597ebc13-d11d-453f-a647-dcd2058478c9","education","I did it but I tried 65x31 and it gave me a wrong answer","SADNESS","1","","disappointment (0.399)"
"19fc4d4c-2981-40ca-9669-1a822738e9e6","bro are you a Nestlé CEO?","5b51197b-86e1-499f-9265-99c7f9cf7fe7","education","bro are you a Nestl CEO?","SURPRISE","1","","curiosity (0.663)"
"62bc6784-20aa-47aa-8956-162e46cd9fb7","Don't let bro get up the corporate ladder😂🥀","5b51197b-86e1-499f-9265-99c7f9cf7fe7","education","Don't let bro get up the corporate ladder :face_with_tears_of_joy: :wilted_flower:","NEUTRAL","0","JOY","neutral (0.894)"
"e11e79cf-d039-4ce3-b6cc-03d1ae9f6f56","Mr. O'Hare?
That you?","5b51197b-86e1-499f-9265-99c7f9cf7fe7","education","Mr. O'Hare? That you?","NEUTRAL","0","SURPRISE","neutral (0.638)"
"7d797d82-e7f4-44fd-a7eb-2e71ae7feeb6","Delete this bro","5b51197b-86e1-499f-9265-99c7f9cf7fe7","education","Delete this bro","NEUTRAL","1","","neutral (0.992)"
"6aa598af-e02b-45b9-926e-50f4ee37e746","Literally the Lorax movie","5b51197b-86e1-499f-9265-99c7f9cf7fe7","education","Literally the Lorax movie","NEUTRAL","1","","neutral (0.997)"
"e9e3c97d-e6ea-4ecc-8f12-3e2d4b3d76f9","[Sticker] fake taxi","6d42e3e3-20fa-453b-a702-df7f191136f9","education","fake taxi","NEUTRAL","1","","neutral (0.676)"
"7ab64e69-f56b-4679-8fa1-4b3eaf95e30b","[Sticker] Me when I accept the bracelet","6d42e3e3-20fa-453b-a702-df7f191136f9","education","Me when I accept the bracelet","NEUTRAL","1","","neutral (0.919)"
"3c55b9d1-e68e-4205-8de6-285a89290a6a","The taxi one can also be done by just driving slower so it takes longer to get to the destination and by taking longer routes","6d42e3e3-20fa-453b-a702-df7f191136f9","education","The taxi one can also be done by just driving slower so it takes longer to get to the destination and by taking longer routes","NEUTRAL","1","","neutral (0.893)"
"185bd917-c146-4458-94ef-9d7bdc33c81f","I follow you and a Heart your video I love your videos 😁","6d42e3e3-20fa-453b-a702-df7f191136f9","education","I follow you and a Heart your video I love your videos :beaming_face_with_smiling_eyes:","JOY","1","","love (0.986)"
"afd46120-f88d-487a-8a65-5b489fb6011d","the worst scam is going to the Philippines","6d42e3e3-20fa-453b-a702-df7f191136f9","education","the worst scam is going to the Philippines","ANGER","1","","disgust (0.398)"
"9e2e0eae-45c5-4910-b6ce-d169697dc2ff","I'd rather walk","6d42e3e3-20fa-453b-a702-df7f191136f9","education","I'd rather walk","NEUTRAL","1","","neutral (0.993)"
"6d80d064-4d47-4aa5-8ab5-2e9d5be08a73","Im 1 away from the 10,000th share","6d42e3e3-20fa-453b-a702-df7f191136f9","education","Im 1 away from the 10,000th share","NEUTRAL","1","","neutral (0.99)"
"b6c58d79-ce24-4f97-bc42-04d194a3e04f","[Sticker] Should've used sound man technique ✌️","8b106f7f-69d9-4ecb-9e5e-b5c9969bd877","education","Should've used sound man technique :victory_hand:","NEUTRAL","1","","neutral (0.97)"
"2bb73ba8-6aca-446d-82e1-c4b9cd738966","just wanted to say thank you for placing normal and un-normal measurements in the video","8b106f7f-69d9-4ecb-9e5e-b5c9969bd877","education","just wanted to say thank you for placing normal and unnormal measurements in the video","JOY","1","","gratitude (0.997)"
"72933bb3-4b01-434e-a105-04e5b8462224","Skipping run","8b106f7f-69d9-4ecb-9e5e-b5c9969bd877","education","Skipping run","NEUTRAL","1","","neutral (0.997)"
"382d0d60-29a1-48fe-a5f7-b8730b5e89d1","Thats where I come in","8b106f7f-69d9-4ecb-9e5e-b5c9969bd877","education","Thats where I come in","NEUTRAL","1","","neutral (0.948)"
"76ebc56d-a660-461e-be5e-813c0829be0f","I figured this out when I was 5","8b106f7f-69d9-4ecb-9e5e-b5c9969bd877","education","I figured this out when I was 5","SURPRISE","1","","realization (0.875)"
"8e726c48-a11f-4e0e-b974-36c89e67e47e","You only make about 2k profit","8dcacb59-e2f6-4ead-bfe0-5dfba8da4bf6","education","You only make about 2k profit","NEUTRAL","1","","neutral (0.888)"
"c9817715-809e-4f9a-8365-d8177bde0e78","Yeah HP ink use normal like canon.","8dcacb59-e2f6-4ead-bfe0-5dfba8da4bf6","education","Yeah HP ink use normal like canon.","JOY","1","","approval (0.731)"
"b533dcc0-b317-4a47-bc03-b4ffdcea5193","Thats not how it works","8dcacb59-e2f6-4ead-bfe0-5dfba8da4bf6","education","Thats not how it works","ANGER","1","","disapproval (0.92)"
"174524ba-a5de-453c-b0a5-27ab920f0cdd","[Sticker] How did he know I have a printer in my house","8dcacb59-e2f6-4ead-bfe0-5dfba8da4bf6","education","How did he know I have a printer in my house","NEUTRAL","0","SURPRISE","neutral (0.433)"
"53c2b67f-5709-4284-bb32-ac38bda54426","Get a laser printer and print everything in black","8dcacb59-e2f6-4ead-bfe0-5dfba8da4bf6","education","Get a laser printer and print everything in black","NEUTRAL","1","","neutral (0.989)"
"c75fcfdd-7407-4a01-8d49-484c0b133313","Lmfao well this was a lie. You’re buying a cartridge","8dcacb59-e2f6-4ead-bfe0-5dfba8da4bf6","education","Lmfao well this was a lie. You're buying a cartridge","NEUTRAL","0","JOY","neutral (0.426)"
"a81bf1fb-fd53-47f7-b59c-da1521974174","She candy?:) @Becky","974521cc-daaf-49e8-a9d5-32991ef29a04","education","She candy?:","NEUTRAL","1","","neutral (0.797)"
"a9fd9d25-c318-403e-b9db-451d7f8bb947","Wait. Does electricity run through that membrane so both sides of the brain can still talk to each other?","974521cc-daaf-49e8-a9d5-32991ef29a04","education","Wait. Does electricity run through that membrane so both sides of the brain can still talk to each other?","SURPRISE","1","","curiosity (0.65)"
"3c4443af-73d5-435c-ade9-80bc7e6dc036","My brain immediately recognized what this is before you said it's a walnut shell","974521cc-daaf-49e8-a9d5-32991ef29a04","education","My brain immediately recognized what this is before you said it's a walnut shell","SURPRISE","1","","realization (0.812)"
"70a8fb6f-c669-4cb3-9454-0ed9bacf00ef","😳😳😳","974521cc-daaf-49e8-a9d5-32991ef29a04","education",":flushed_face: :flushed_face: :flushed_face:","NEUTRAL","1","","neutral (0.998)"
"b91f0c23-34e6-44af-bc48-4bce0ab5fbfe","I always thought my brain was just sitting in juice like pickles in a pickle jar.","974521cc-daaf-49e8-a9d5-32991ef29a04","education","I always thought my brain was just sitting in juice like pickles in a pickle jar.","SURPRISE","1","","realization (0.485)"
"de91441b-d394-4b84-9073-434646d669d9","PUT. IT. BACK.","974521cc-daaf-49e8-a9d5-32991ef29a04","education","PUT. IT. BACK.","NEUTRAL","1","","neutral (0.761)"
"925f4b3d-668d-4e61-8858-15c8692492ff","My brain learning about it's self: 🤯","974521cc-daaf-49e8-a9d5-32991ef29a04","education","My brain learning about it's self: :exploding_head:","NEUTRAL","0","SURPRISE","neutral (0.997)"
"232a1b06-91d5-4e4a-8fb6-0bd3e82a33ee","My goodness I am in love with space probably too much. as a child I was scared of it but now I am fascinated by it","be381742-af7f-4b7c-81b2-08411be3dab7","education","My goodness I am in love with space probably too much. as a child I was scared of it but now I am fascinated by it","JOY","1","","love (0.787)"
"1367c146-1920-43e6-bb5c-d544c258be84","step one:- pick any grass you see in the garden
step two:- crush it
step three:- make roll
step four:- make this video😂😂","be381742-af7f-4b7c-81b2-08411be3dab7","education","step one: pick any grass you see in the garden step two: crush it step three: make roll step four: make this video :face_with_tears_of_joy: :face_with_tears_of_joy:","NEUTRAL","0","JOY","neutral (0.985)"
"a79337df-1e09-418e-b050-c7cf67ca37af","follow back","ef02a91e-f9b8-439a-b9c0-e7e5a001f1e8","education","follow back","NEUTRAL","1","","neutral (0.998)"
"db2f035b-c283-47ec-9887-f971c9b2def2","step one:- pick any grass you see in the garden
step two:- crush it
step three:- make roll
step four:- make this video😂😂","ef02a91e-f9b8-439a-b9c0-e7e5a001f1e8","education","step one: pick any grass you see in the garden step two: crush it step three: make roll step four: make this video :face_with_tears_of_joy: :face_with_tears_of_joy:","NEUTRAL","0","JOY","neutral (0.985)"
"f74f2add-409b-44a0-a44e-f2fe856c697f","❤️❤️❤","ef02a91e-f9b8-439a-b9c0-e7e5a001f1e8","education",":red_heart: :red_heart: :red_heart:","NEUTRAL","0","JOY","neutral (0.998)"
"71817067-ba6b-4f1b-b8c5-4a1d05088252","When the government cuts nasa’s budget","ef02a91e-f9b8-439a-b9c0-e7e5a001f1e8","education","When the government cuts nasa's budget","NEUTRAL","1","","neutral (0.989)"
"c6fce931-3082-4153-9dda-bdcd9929b447","me watching interstellar and already knowing that because of romilly explaining that to cooper in the same way:","ef02a91e-f9b8-439a-b9c0-e7e5a001f1e8","education","me watching interstellar and already knowing that because of romilly explaining that to cooper in the same way:","NEUTRAL","1","","neutral (0.983)"
"26a9f9e5-5979-49bc-a7e6-c5e8fadb2dbb","many just need The hole","ef02a91e-f9b8-439a-b9c0-e7e5a001f1e8","education","many just need The hole","NEUTRAL","1","","neutral (0.997)"
"54928260-f383-4535-839e-ae07aacf15a5","if you mix different ratios, can you have the flame start off one color, then shift to another others after the smaller fuel burns off?","fbb62275-f61a-4145-914e-1a4c2b2fffbd","education","if you mix different ratios, can you have the flame start off one color, then shift to another others after the smaller fuel burns off?","SURPRISE","1","","curiosity (0.468)"
"ab0f15d4-e2d3-46ab-b7c3-b3cdceb32349","“Alumi-NOM” 😂😂","fbb62275-f61a-4145-914e-1a4c2b2fffbd","education","AlumiNOM :face_with_tears_of_joy: :face_with_tears_of_joy:","JOY","1","","joy (0.613)"
"b48d29bc-ccd2-41cf-b0f3-01a5581d5785","anyone else had Dabi Vibes at the blue one? 👁️👄👁️✌🏻","fbb62275-f61a-4145-914e-1a4c2b2fffbd","education","anyone else had Dabi Vibes at the blue one? :eye: :mouth: :eye: :victory_hand_light_skin_tone:","NEUTRAL","1","","neutral (0.764)"
"a41f227f-993a-40cd-9537-abf51af7ddc6","Show the invisible fire next!!! Not very many people know about it","fbb62275-f61a-4145-914e-1a4c2b2fffbd","education","Show the invisible fire next!!! Not very many people know about it","NEUTRAL","1","","neutral (0.996)"
"ca4545fb-3ffc-4156-92ef-05458f76d8bd","I WANT BLACK LED LIGHTS THAT LOOK LIKE THAT WHITE FLAME","fbb62275-f61a-4145-914e-1a4c2b2fffbd","education","I WANT BLACK LED LIGHTS THAT LOOK LIKE THAT WHITE FLAME","JOY","1","","desire (0.827)"
"c5a5e91c-ccd3-45d8-b2c9-a65617aba1da","And then you have a fire that is almost ""invisible"" that is super dangerous and Firefighters hate them alot","fbb62275-f61a-4145-914e-1a4c2b2fffbd","education","And then you have a fire that is almost invisible that is super dangerous and Firefighters hate them alot","FEAR","1","","fear (0.654)"
"0f64654c-80f8-43c1-bb57-522dc87d9368","I need Black flame...😏","fbb62275-f61a-4145-914e-1a4c2b2fffbd","education","I need Black flame... :smirking_face:","NEUTRAL","1","","neutral (0.936)"
"585f5229-c06f-45b1-8f32-7fd366ce0c05","bro might be Kira in fact","11388a66-eef6-49f0-8e01-5319d9b395c8","gaming","bro might be Kira in fact","NEUTRAL","1","","neutral (0.989)"
"37d6f398-7cd6-4a5d-b496-1abae7bf918a","And people pay for Netflix","11388a66-eef6-49f0-8e01-5319d9b395c8","gaming","And people pay for Netflix","NEUTRAL","1","","neutral (0.993)"
"9abfe050-e6ce-4dea-97f7-0febf16a5635","sorry for playing your game bro🥀","11388a66-eef6-49f0-8e01-5319d9b395c8","gaming","sorry for playing your game bro :wilted_flower:","SADNESS","1","","remorse (0.838)"
"20cedfe9-8fd1-4e50-a81c-219afe6afdb2","Its not that serious✌️😭","11388a66-eef6-49f0-8e01-5319d9b395c8","gaming","Its not that serious :victory_hand: :loudly_crying_face:","NEUTRAL","1","","neutral (0.8)"
"2ddf2912-8ebf-4177-a291-8ba35b782bd4","[Sticker] 1v1 rank","268af5d3-a480-4414-b0b9-1ffc536dfe2f","gaming","1v1 rank","NEUTRAL","1","","neutral (0.998)"
"84ad8266-025e-44f1-9c1f-adb114a34637","Fs want to be diamond 1 in 1v1","268af5d3-a480-4414-b0b9-1ffc536dfe2f","gaming","Fs want to be diamond 1 in 1v1","NEUTRAL","1","","neutral (0.995)"
"f2ade827-de67-4caf-bf16-663e72c9d473","[Sticker] This coming onto my fyp🥹","268af5d3-a480-4414-b0b9-1ffc536dfe2f","gaming","This coming onto my fyp :face_holding_back_tears:","NEUTRAL","1","","neutral (0.993)"
"29771e8a-a220-47ab-b09a-8efcfe868fdb","[Sticker] whatever dev had this idea I love you","268af5d3-a480-4414-b0b9-1ffc536dfe2f","gaming","whatever dev had this idea I love you","JOY","1","","love (0.94)"
"20ba8647-58bc-46f0-8888-494e0f254aec","I like it actually love it","268af5d3-a480-4414-b0b9-1ffc536dfe2f","gaming","I like it actually love it","JOY","1","","love (0.991)"
"98cb27bb-a09b-4fa0-ae26-039681d93f7e","”Ball game” 💔","3490dbb1-2a0d-488c-843f-3d296dfb0e1d","gaming","Ball game :broken_heart:","SADNESS","1","","sadness (0.944)"
"2d19ee4e-19c3-472f-a528-dcb2ed973ac2","[Sticker] Rocket league in 2036","3490dbb1-2a0d-488c-843f-3d296dfb0e1d","gaming","Rocket league in 2036","NEUTRAL","1","","neutral (0.998)"
"4d99e040-6d78-4ca9-bfe2-a3cb8045a4b3","He was faking bro trust","3490dbb1-2a0d-488c-843f-3d296dfb0e1d","gaming","He was faking bro trust","NEUTRAL","1","","neutral (0.987)"
"aa71633b-a21d-4686-92a4-15f925c784a2","Yesss!!!","3490dbb1-2a0d-488c-843f-3d296dfb0e1d","gaming","Yesss!!!","NEUTRAL","1","","neutral (0.944)"
"e3ff0b36-d7ad-4ebd-bc4d-27c7b50c079c","[Sticker] i was looking for a job and I found a job","3490dbb1-2a0d-488c-843f-3d296dfb0e1d","gaming","i was looking for a job and I found a job","NEUTRAL","1","","neutral (0.25)"
"77d9df6c-1877-424f-bf15-10984c94f7c2","[Sticker] bro thats me but its cause the side roll no no workie for some bs reason 😭","3490dbb1-2a0d-488c-843f-3d296dfb0e1d","gaming","bro thats me but its cause the side roll no no workie for some bs reason :loudly_crying_face:","NEUTRAL","0","SURPRISE","neutral (0.971)"
"1678bb83-2515-4635-9bf3-87f69031d7ff","Why didn’t you go and score it?","3490dbb1-2a0d-488c-843f-3d296dfb0e1d","gaming","Why didn't you go and score it?","SURPRISE","1","","curiosity (0.57)"
"d5e498d9-aab3-4963-870e-f880d5ca78d3","Why is this so funny 🤣🤣🤣","4823fc17-728e-4ffa-9a7d-da4370362a46","gaming","Why is this so funny :rolling_on_the_floor_laughing: :rolling_on_the_floor_laughing: :rolling_on_the_floor_laughing:","JOY","1","","amusement (0.956)"
"c173f066-89fb-4c6c-8de1-81cd3e4c1497","CHECKK MY REPOST","4823fc17-728e-4ffa-9a7d-da4370362a46","gaming","CHECKK MY REPOST","NEUTRAL","1","","neutral (0.997)"
"7f90ef01-cb55-44bc-af79-e5f072f231b3","That’s hilarious","4823fc17-728e-4ffa-9a7d-da4370362a46","gaming","That's hilarious","JOY","1","","amusement (0.973)"
"f17db12a-ad2b-4914-b90a-06c7f18c2bef","SEE MY REPOSTT","4823fc17-728e-4ffa-9a7d-da4370362a46","gaming","SEE MY REPOSTT","NEUTRAL","1","","neutral (0.997)"
"b128728b-b0c6-47a6-a54e-3242b4e2356b","@lu26xoxo can we do this if Harry gets it on his ps5","4823fc17-728e-4ffa-9a7d-da4370362a46","gaming","can we do this if Harry gets it on his ps5","NEUTRAL","1","","neutral (0.736)"
"94581d46-fc14-42ad-948b-ff934b4f157c","I was sleepy but now I don’t my whole body just woke up thx","5b8a816d-0c61-4b4c-ace6-672217aec1f1","gaming","I was sleepy but now I don't my whole body just woke up thx","JOY","1","","gratitude (0.981)"
"64f85439-f957-406f-b950-10207208185b","One two there four five six","5b8a816d-0c61-4b4c-ace6-672217aec1f1","gaming","One two there four five six","NEUTRAL","1","","neutral (0.982)"
"fec98296-42b0-4853-b25f-e5f1229c94c8","Holy sh*t !!!","5b8a816d-0c61-4b4c-ace6-672217aec1f1","gaming","Holy sht !!!","SURPRISE","1","","surprise (0.595)"
"559add0f-5c2f-47df-920a-67c9ee371e1b","[Sticker] I have a heart attack","5b8a816d-0c61-4b4c-ace6-672217aec1f1","gaming","I have a heart attack","SADNESS","1","","sadness (0.744)"
"23d87db3-e236-4b15-b6f1-bd9fc7f36314","Bro in INTERSTELLAR planet","5b8a816d-0c61-4b4c-ace6-672217aec1f1","gaming","Bro in INTERSTELLAR planet","NEUTRAL","1","","neutral (0.998)"
"10b43625-e473-4008-b01d-bb1f238efb5c","Thank you, brother.","5b8a816d-0c61-4b4c-ace6-672217aec1f1","gaming","Thank you, brother.","JOY","1","","gratitude (0.999)"
"6ecac698-1a7e-4634-bcc1-3ec1f09c350a","[Sticker] I haven't experienced a jump scare like that in a while. thanks bro.","5b8a816d-0c61-4b4c-ace6-672217aec1f1","gaming","I haven't experienced a jump scare like that in a while. thanks bro.","JOY","1","","gratitude (0.995)"
"546f49c3-7d22-4f87-9aa6-334d9444721b","I don’t understand why do they dodge coins and not just roll under","930bdf99-0d68-4dc4-817a-a4e7c56d1de2","gaming","I don't understand why do they dodge coins and not just roll under","SURPRISE","1","","confusion (0.964)"
"a21d6864-d4e7-41b9-ba43-499a6ce69faa","[Sticker] 1M","930bdf99-0d68-4dc4-817a-a4e7c56d1de2","gaming","1M","NEUTRAL","1","","neutral (0.998)"
"7d9454d1-a07f-42c4-8728-f643ec397626","[Sticker] zagg 2022:","930bdf99-0d68-4dc4-817a-a4e7c56d1de2","gaming","zagg 2022:","NEUTRAL","1","","neutral (0.998)"
"e7f7868a-8ce9-4bd8-8202-57bdac548ccb","[Sticker] BILEL prime","930bdf99-0d68-4dc4-817a-a4e7c56d1de2","gaming","BILEL prime","NEUTRAL","1","","neutral (0.997)"
"7ad1f4f0-012c-491b-aa75-ba870bcf13e9","ngl bro clutched that up","930bdf99-0d68-4dc4-817a-a4e7c56d1de2","gaming","ngl bro clutched that up","NEUTRAL","1","","neutral (0.998)"
"413918a2-e3e8-4502-82d3-5aefe9adbea0","bro made his own glitch","930bdf99-0d68-4dc4-817a-a4e7c56d1de2","gaming","bro made his own glitch","NEUTRAL","1","","neutral (0.997)"
"03e70609-ce92-4060-bc68-3c56d6c74e8d","[Sticker] Me watching","a5a39659-9ed1-4b06-a977-4157a167cb13","gaming","Me watching","NEUTRAL","1","","neutral (0.997)"
"28452c0d-4921-43cc-b0d3-490d874b3624","can someone explain the 3rd skill?😅","a5a39659-9ed1-4b06-a977-4157a167cb13","gaming","can someone explain the 3rd skill? :grinning_face_with_sweat:","SURPRISE","1","","curiosity (0.608)"
"194204bf-fb1d-44c2-a58f-27b9bc3b95d4","and THATS why i quit this bullshit","a5a39659-9ed1-4b06-a977-4157a167cb13","gaming","and THATS why i quit this bullshit","ANGER","1","","annoyance (0.664)"
"48edd6c1-2756-4315-9dae-b2599ff7d3ea","[Sticker] ""what is this? ""","a5a39659-9ed1-4b06-a977-4157a167cb13","gaming","what is this?","SURPRISE","1","","curiosity (0.463)"
"6499e4b6-67ed-46d9-9cd3-274b09405e2c","First clip was 🤯","a5a39659-9ed1-4b06-a977-4157a167cb13","gaming","First clip was :exploding_head:","NEUTRAL","1","","neutral (0.998)"
"6405fe38-e6c9-4d0e-b98d-5549ffcc8029","Wtf was that Zoe 1st bomb clip","a5a39659-9ed1-4b06-a977-4157a167cb13","gaming","Wtf was that Zoe 1st bomb clip","ANGER","1","","anger (0.679)"
"8571407b-dcfc-4efd-89aa-28896903a073","Holy customs","a5a39659-9ed1-4b06-a977-4157a167cb13","gaming","Holy customs","NEUTRAL","1","","neutral (0.996)"
"b9a11775-ced7-4fc1-8474-b5d6098a8c22","[Sticker] I be banned by that","c1465afe-ceea-44e1-8a7d-7aadc6247e39","gaming","I be banned by that","NEUTRAL","1","","neutral (0.474)"
"f389a868-5db6-461e-9fa2-85b67358b5b9","the way she slowly looked back at u 😭😭","c1465afe-ceea-44e1-8a7d-7aadc6247e39","gaming","the way she slowly looked back at u :loudly_crying_face: :loudly_crying_face:","NEUTRAL","1","","neutral (0.984)"
"a13223d1-4e3f-4162-8631-346ff7048c6d","please bless my hear 🙏😭","c1465afe-ceea-44e1-8a7d-7aadc6247e39","gaming","please bless my hear :folded_hands: :loudly_crying_face:","JOY","1","","caring (0.89)"
"ce170702-c729-4a49-bee0-6113b849a4c9","that's the ping/fps difference right there","cb769617-b29a-4c21-abfa-5ce966c0bb4a","gaming","that's the pingfps difference right there","NEUTRAL","0","SURPRISE","neutral (0.977)"
"7823e4c3-3825-4306-96c5-0965542de830","SEE MY REPOSTT","cb769617-b29a-4c21-abfa-5ce966c0bb4a","gaming","SEE MY REPOSTT","NEUTRAL","1","","neutral (0.997)"
"88875b44-fae0-4e9d-abdd-5d05425b81c7","did I just thank God?😇","cb769617-b29a-4c21-abfa-5ce966c0bb4a","gaming","did I just thank God? :smiling_face_with_halo:","JOY","0","SURPRISE","gratitude (0.399)"
"a6f2a69f-3c60-473b-bd71-1c6a711f0faa","freefire player","cb769617-b29a-4c21-abfa-5ce966c0bb4a","gaming","freefire player","NEUTRAL","1","","neutral (0.998)"
"f014f15d-7487-4362-a80e-c9533f63470c","CS2 ❌FREE FIRE✅😂","cb769617-b29a-4c21-abfa-5ce966c0bb4a","gaming","CS2 :cross_mark: FREE FIRE :check_mark_button: :face_with_tears_of_joy:","NEUTRAL","1","","neutral (0.749)"
"270c8cc4-5fe4-431c-ada5-73a8a05b463b","why the F would you stand right at the exit???","26640657-5710-423d-a97f-da5e11675ddd","sport","why the F would you stand right at the exit???","NEUTRAL","0","ANGER","neutral (0.323)"
"63435312-592b-4807-85d6-97a3f59e6b92","My toxic trait is thinking skiiing looks easy and like I could easily do that","26640657-5710-423d-a97f-da5e11675ddd","sport","My toxic trait is thinking skiiing looks easy and like I could easily do that","NEUTRAL","1","","neutral (0.78)"
"63fdb72c-2c01-497d-bba2-7232bf4eb5f5","is this only a ski resort or can I snowboard here","26640657-5710-423d-a97f-da5e11675ddd","sport","is this only a ski resort or can I snowboard here","SURPRISE","1","","curiosity (0.512)"
"27697e75-44a5-4197-88c6-9082a0f2264d","This is how I feel driving a moto on the back roads of Cambodia","26640657-5710-423d-a97f-da5e11675ddd","sport","This is how I feel driving a moto on the back roads of Cambodia","NEUTRAL","1","","neutral (0.973)"
"369ba518-26dc-43af-b33b-3d3a6d20a4ab","Bro standing around the exit, omg. 😳","26640657-5710-423d-a97f-da5e11675ddd","sport","Bro standing around the exit, omg. :flushed_face:","SURPRISE","1","","surprise (0.463)"
"afc0e589-dc40-452a-8279-7bbbace233cf","I'd find it really hard to empathize with anyone who gets hurt doing this.","26640657-5710-423d-a97f-da5e11675ddd","sport","I'd find it really hard to empathize with anyone who gets hurt doing this.","SADNESS","1","","sadness (0.827)"
"68def283-93a1-4abb-a847-717a17480fe2","I’ve been skiing once in my life and thought it was an achievement going up and down the bunny slopes! It was enough for me! But least now I can appreciate how skilled/brave/nuts this is!","26640657-5710-423d-a97f-da5e11675ddd","sport","I've been skiing once in my life and thought it was an achievement going up and down the bunny slopes! It was enough for me! But least now I can appreciate how skilledbravenuts this is!","JOY","1","","admiration (0.838)"
"ea739b5c-5c1b-40b6-ac27-5542c8c3dcc2","jordan couldnt shoot left handed either, shit he couldnt shoot a 3 at all","3b7cd11e-8e68-453f-b8dd-a738552d3544","sport","jordan couldnt shoot left handed either, shit he couldnt shoot a 3 at all","ANGER","1","","annoyance (0.298)"
"3dc2adde-1e74-405d-8693-668c2618294c","Jesus is coming spread the Gospel ✝️","3b7cd11e-8e68-453f-b8dd-a738552d3544","sport","Jesus is coming spread the Gospel :latin_cross:","NEUTRAL","1","","neutral (0.997)"
"84b1ae66-a286-47e5-b5ee-d065085433fe","larry brid wouldn't have missed","3b7cd11e-8e68-453f-b8dd-a738552d3544","sport","larry brid wouldn't have missed","NEUTRAL","1","","neutral (0.992)"
"3462bb47-aedc-4e78-ba71-7dc6b2724ad2","[Sticker] I made that","3b7cd11e-8e68-453f-b8dd-a738552d3544","sport","I made that","NEUTRAL","1","","neutral (0.987)"
"00d1af88-fad1-42bb-bf03-bc0c809b2873","That shot was worth like 300k","3b7cd11e-8e68-453f-b8dd-a738552d3544","sport","That shot was worth like 300k","NEUTRAL","1","","neutral (0.445)"
"274128d7-ecf8-4621-9489-d8788cbc74b0","AIRBALL","3b7cd11e-8e68-453f-b8dd-a738552d3544","sport","AIRBALL","NEUTRAL","1","","neutral (0.997)"
"c03debd3-9ce5-4848-9425-29c238d59687","first miss ever","3b7cd11e-8e68-453f-b8dd-a738552d3544","sport","first miss ever","NEUTRAL","1","","neutral (0.825)"
"d49f6d5c-fec5-44bd-935a-70c579911a40","Football is so easy for this upcoming superstar 😂😂😂😂","584628e9-cc54-41a1-9e6c-32b12804672f","sport","Football is so easy for this upcoming superstar :face_with_tears_of_joy: :face_with_tears_of_joy: :face_with_tears_of_joy: :face_with_tears_of_joy:","NEUTRAL","0","JOY","neutral (0.575)"
"91b6044e-faab-40bb-a5b2-621a8b39adb1","Real Madrid's art never did that 🫢🫢🫢","584628e9-cc54-41a1-9e6c-32b12804672f","sport","Real Madrid's art never did that :face_with_open_eyes_and_hand_over_mouth: :face_with_open_eyes_and_hand_over_mouth: :face_with_open_eyes_and_hand_over_mouth:","NEUTRAL","0","SURPRISE","neutral (0.996)"
"31dd6606-98a4-4365-8858-fb597c0170da","This should be illegal
He is making the games spicy🔥🔥","584628e9-cc54-41a1-9e6c-32b12804672f","sport","This should be illegal He is making the games spicy :fire: :fire:","NEUTRAL","0","ANGER","neutral (0.698)"
"2c9c3c89-d148-4e96-9b6c-ebfd4f649de0","thank God not against Manchester United 😂😂","584628e9-cc54-41a1-9e6c-32b12804672f","sport","thank God not against Manchester United :face_with_tears_of_joy: :face_with_tears_of_joy:","JOY","1","","joy (0.844)"
"1f63519f-3979-4277-80d4-68746b4341ae","you are the moment","6adb8766-9130-4b76-885f-cde441c0363f","sport","you are the moment","NEUTRAL","1","","neutral (0.998)"
"0df9e5f3-b9fc-4960-80be-31c8eb8e80ce","& no one was there ?? 😩","6adb8766-9130-4b76-885f-cde441c0363f","sport","no one was there ?? :weary_face:","NEUTRAL","0","SURPRISE","neutral (0.827)"
"a544bc4a-446b-4913-9d7e-9f77101ce228","Where is that outfit from?!?","6adb8766-9130-4b76-885f-cde441c0363f","sport","Where is that outfit from?!?","SURPRISE","1","","curiosity (0.663)"
"69e1fe1b-e009-4509-9e94-8cad35787be1","You’re an angel","6adb8766-9130-4b76-885f-cde441c0363f","sport","You're an angel","JOY","1","","admiration (0.925)"
"9e9be326-8f08-4902-9d56-cc783bb55050","Cameraman 🫵🏻🙌🏼👏🏻👏🏻👏🏻","6adb8766-9130-4b76-885f-cde441c0363f","sport","Cameraman :index_pointing_at_the_viewer_light_skin_tone: :raising_hands_mediumlight_skin_tone: :clapping_hands_light_skin_tone: :clapping_hands_light_skin_tone: :clapping_hands_light_skin_tone:","NEUTRAL","1","","neutral (0.998)"
"6d1eaeb6-dbff-4919-97d4-38eec9d44ab8","imma need a longer routine here miss. cuz the teaser is saw was amazing.","6adb8766-9130-4b76-885f-cde441c0363f","sport","imma need a longer routine here miss. cuz the teaser is saw was amazing.","JOY","1","","admiration (0.876)"
"3753b8a0-879c-4df8-86b6-4c2df37d9c1f","didn't know bro was racing this season","8b1f7ff9-4040-4d7f-9679-4d20d0f17123","sport","didn't know bro was racing this season","SURPRISE","1","","surprise (0.553)"
"3d7add8f-03f1-4bba-85b9-0a33e686c119","atp pole position doesn't really even matter now (except for ferrari)","8b1f7ff9-4040-4d7f-9679-4d20d0f17123","sport","atp pole position doesn't really even matter now except for ferrari","NEUTRAL","1","","neutral (0.822)"
"14e5ec3f-dc94-47a3-b675-10860e5f7951","The new F1, Formula E pro max","8b1f7ff9-4040-4d7f-9679-4d20d0f17123","sport","The new F1, Formula E pro max","NEUTRAL","1","","neutral (0.997)"
"4013e570-91df-40da-bebf-89694a278274","piastri only needed to start the race! 👑","8b1f7ff9-4040-4d7f-9679-4d20d0f17123","sport","piastri only needed to start the race! :crown:","NEUTRAL","0","JOY","neutral (0.997)"
"7ac5630f-8bff-4334-a44f-93de1f235a93","wow Oscar!!","8b1f7ff9-4040-4d7f-9679-4d20d0f17123","sport","wow Oscar!!","SURPRISE","1","","surprise (0.642)"
"617a2ff0-99cf-434b-8256-e97d0a2b3d66","KIMI WON","8b1f7ff9-4040-4d7f-9679-4d20d0f17123","sport","KIMI WON","NEUTRAL","1","","neutral (0.377)"
"cf34d742-c437-4835-bc1b-0f1c654a7ef5","[Sticker] ""I need that TV""","e84db45f-7c69-48c6-a9aa-0f468fee8d80","sport","I need that TV","JOY","1","","desire (0.504)"
"12b8e5a0-28cb-46a4-bb0f-12546179d25d","We need slow motion to catch you on the screen 😭","e84db45f-7c69-48c6-a9aa-0f468fee8d80","sport","We need slow motion to catch you on the screen :loudly_crying_face:","NEUTRAL","1","","neutral (0.661)"
"3c1a4dc4-d408-44d2-aae1-dd80b2116086","There was no competition. 😂","e84db45f-7c69-48c6-a9aa-0f468fee8d80","sport","There was no competition. :face_with_tears_of_joy:","NEUTRAL","0","JOY","neutral (0.727)"
"3bfa1afd-f29f-48bb-ae12-f4be66d77f1a","[Sticker] US USSS USSSSS","e84db45f-7c69-48c6-a9aa-0f468fee8d80","sport","US USSS USSSSS","NEUTRAL","1","","neutral (0.998)"
"ff456c1e-a2a5-4a93-b71b-474387053f7d","FAST AS FFFCKKKK BOYYYYYY⚡️","e84db45f-7c69-48c6-a9aa-0f468fee8d80","sport","FAST AS FFFCKKKK BOYYYYYY :high_voltage:","NEUTRAL","0","JOY","neutral (0.993)"
"ae58be8a-6994-4d57-9180-a16c861b2112","[Sticker] how you were feeling when you won","e84db45f-7c69-48c6-a9aa-0f468fee8d80","sport","how you were feeling when you won","SURPRISE","1","","curiosity (0.712)"
"ef4c9510-2dbf-4f9d-bda5-a9d22aca4abc","POV: In brazil because i cant bounce a ball on my head","eadd806c-d062-4ae2-a52a-a7617fab4292","sport","POV: In brazil because i cant bounce a ball on my head","NEUTRAL","1","","neutral (0.976)"
"64b50a2c-4c8f-4aab-968b-bb14a9d18ca2","Yall. Look at everyone in the back. They’re all playing 😂 i absolutely love it","eadd806c-d062-4ae2-a52a-a7617fab4292","sport","Yall. Look at everyone in the back. They're all playing :face_with_tears_of_joy: i absolutely love it","JOY","1","","love (0.916)"
"996c9549-afcc-42aa-a8c7-c41ab9152cf8","control ball 99","eadd806c-d062-4ae2-a52a-a7617fab4292","sport","control ball 99","NEUTRAL","1","","neutral (0.998)"
"b3d2542b-a50c-4864-a439-9f9535ccd677","[Sticker] for the camera man","eadd806c-d062-4ae2-a52a-a7617fab4292","sport","for the camera man","NEUTRAL","1","","neutral (0.998)"
"609e6ddf-6a42-4e69-8c42-7fa01cac6286","He's ready to RUN!!!🧸","ff6d63b3-062b-4fc9-80e0-25dc0e2412c7","sport","He's ready to RUN!!! :teddy_bear:","NEUTRAL","1","","neutral (0.995)"
"24b2815a-c651-41ae-b237-aa26e5530a5e","My algorithm kinda cool","ff6d63b3-062b-4fc9-80e0-25dc0e2412c7","sport","My algorithm kinda cool","JOY","1","","admiration (0.827)"
"cbc02951-ca6e-4ab9-95d7-ad5e97cc192f","🐎:“can i gitty up ?? please say i can gitty up”","ff6d63b3-062b-4fc9-80e0-25dc0e2412c7","sport",":horse: :can i gitty up ?? please say i can gitty up","NEUTRAL","1","","neutral (0.945)"
"50b63dbc-466c-458b-9a2e-22f937075cc1","OMG he’s so excited it actually the most adorable!!","ff6d63b3-062b-4fc9-80e0-25dc0e2412c7","sport","OMG he's so excited it actually the most adorable!!","JOY","1","","excitement (0.595)"
"977e98ad-67e3-485f-abbc-4e964a4743b3","Dude stirring up his own turbo and locked in!!!🔥🔥🔥","ff6d63b3-062b-4fc9-80e0-25dc0e2412c7","sport","Dude stirring up his own turbo and locked in!!! :fire: :fire: :fire:","NEUTRAL","0","JOY","neutral (0.997)"
"723b9556-6e4e-4f4c-915e-80b3f164aa74","Damn that looks so much fun!!","ff6d63b3-062b-4fc9-80e0-25dc0e2412c7","sport","Damn that looks so much fun!!","JOY","1","","joy (0.675)"
"7737dcec-353b-4546-95dc-123d2b7d8b0a","damnn.. what a beautiful view, I'd love to wake up to this every day 🥰... so mystical 😁","0631945f-669a-4d9f-806c-2d5c0fa6e62f","tech","damnn.. what a beautiful view, I'd love to wake up to this every day :smiling_face_with_hearts: ... so mystical :beaming_face_with_smiling_eyes:","JOY","1","","love (0.617)"
"a13d184f-6aac-43a8-9923-eea9832eb2d2","where can I get one","0631945f-669a-4d9f-806c-2d5c0fa6e62f","tech","where can I get one","NEUTRAL","0","SURPRISE","neutral (0.452)"
"b1fcd19d-bb91-4126-b868-941d962d73ea","Gonna make me run into the wall if I seen this","0631945f-669a-4d9f-806c-2d5c0fa6e62f","tech","Gonna make me run into the wall if I seen this","FEAR","1","","fear (0.712)"
"854b52f8-eb49-49fc-9711-d1b17e87d54f","my dream","0631945f-669a-4d9f-806c-2d5c0fa6e62f","tech","my dream","NEUTRAL","1","","neutral (0.984)"
"1b83e0a6-f9a2-497c-aa6f-a516f34635d8","I would try jumping thru the wall.","0631945f-669a-4d9f-806c-2d5c0fa6e62f","tech","I would try jumping thru the wall.","JOY","0","NEUTRAL","desire (0.374)"
"938ce284-05dc-4add-8ebd-c641f22538f2","living in brazil is damn crazy, i need a new m.2 (i have 2 shitty hds), a new graphics card (i have an rx 580) and maybee some more ram (i have 16 now)","46cdf74a-ad13-436f-8e47-c1d3f57c56d5","tech","living in brazil is damn crazy, i need a new m.2 i have 2 shitty hds, a new graphics card i have an rx 580 and maybee some more ram i have 16 now","JOY","1","","desire (0.559)"
"dee0c28d-b07a-4635-a5ea-59757908e461","come to Brasil Carter, but if needed, use ""Monte seu PC - Pichau"", you can basically build your PC with the specs you want and stuff","46cdf74a-ad13-436f-8e47-c1d3f57c56d5","tech","come to Brasil Carter, but if needed, use Monte seu PC Pichau, you can basically build your PC with the specs you want and stuff","NEUTRAL","1","","neutral (0.974)"
"c31ccd3a-9af3-407c-a425-813613bf53d9","Can I get a new motherboard (pls in white b850 aorus ice) pls","46cdf74a-ad13-436f-8e47-c1d3f57c56d5","tech","Can I get a new motherboard pls in white b850 aorus ice pls","NEUTRAL","1","","neutral (0.425)"
"310e826d-724b-41cb-9a4a-223a004ad637","does this count as a decent laptop😳","46cdf74a-ad13-436f-8e47-c1d3f57c56d5","tech","does this count as a decent laptop :flushed_face:","NEUTRAL","1","","neutral (0.872)"
"2555c6af-4597-4664-9599-6f59b1846768","hi mr carter would u mind helping my setup get better its very horrible right now if you could help i would appreciate it.","46cdf74a-ad13-436f-8e47-c1d3f57c56d5","tech","hi mr carter would u mind helping my setup get better its very horrible right now if you could help i would appreciate it.","JOY","1","","admiration (0.907)"
"a84cc7dd-d843-44d4-b2dc-7fb086a1c7b2","Build him one","46cdf74a-ad13-436f-8e47-c1d3f57c56d5","tech","Build him one","NEUTRAL","1","","neutral (0.997)"
"164ce20e-06e8-4269-aef2-017029e315ef","those fans alone cost a good 50-60 bucks WORTH!! where's the Optimus Prime ones 💖","5720b12a-dd10-4369-867d-da572ea1967a","tech","those fans alone cost a good 5060 bucks WORTH!! where's the Optimus Prime ones :sparkling_heart:","NEUTRAL","0","JOY","neutral (0.737)"
"6cd55672-0e2a-4f71-9737-940265a96101","that's 🔥 badass","5720b12a-dd10-4369-867d-da572ea1967a","tech","that's :fire: badass","NEUTRAL","0","JOY","neutral (0.997)"
"dc8538d9-01cc-46c6-b68b-b61efff9166d","I wan it","5720b12a-dd10-4369-867d-da572ea1967a","tech","I wan it","NEUTRAL","0","JOY","neutral (0.917)"
"eccc343f-8f0e-4ab8-bec9-a28ee68f7a54","I want that bumblebee phone","5720b12a-dd10-4369-867d-da572ea1967a","tech","I want that bumblebee phone","JOY","1","","desire (0.834)"
"d0097abb-2d08-46a1-9767-e2563bcac78e","Meanwhile we are stuck with iPhone which has no innovation what so ever","5720b12a-dd10-4369-867d-da572ea1967a","tech","Meanwhile we are stuck with iPhone which has no innovation what so ever","NEUTRAL","0","SURPRISE","neutral (0.681)"
"547547a2-67fd-423f-bc76-da02c9998019","Sharon give me 40 0f the please","5720b12a-dd10-4369-867d-da572ea1967a","tech","Sharon give me 40 0f the please","NEUTRAL","1","","neutral (0.997)"
"c027def1-8c4d-4acb-8bfb-3fddf721ee9f","uf","797b4c8e-d7b9-4c10-bd64-5568ef566ac5","tech","uf","NEUTRAL","1","","neutral (0.998)"
"d04e81db-1776-4ca3-b4c4-c0c54dee3762","I can't be the only one I'd rather have a office school looking pc then a rgb lights fancy looking pc","797b4c8e-d7b9-4c10-bd64-5568ef566ac5","tech","I can't be the only one I'd rather have a office school looking pc then a rgb lights fancy looking pc","NEUTRAL","1","","neutral (0.877)"
"57c3f0de-d732-4121-abae-9f3bc56f79d7","""Son, I threw out your old computer.""","797b4c8e-d7b9-4c10-bd64-5568ef566ac5","tech","Son, I threw out your old computer.","NEUTRAL","1","","neutral (0.996)"
"8358977a-dfb7-4182-b0f9-bab410b2e435","sleeper build ...","797b4c8e-d7b9-4c10-bd64-5568ef566ac5","tech","sleeper build ...","NEUTRAL","1","","neutral (0.998)"
"cc93de91-bfa8-4cf1-829c-f249321aa23a","wonderfull","797b4c8e-d7b9-4c10-bd64-5568ef566ac5","tech","wonderfull","JOY","1","","admiration (0.994)"
"e52f65f5-20a2-4242-8f67-42f781fd784d","why no pressing of the turbo button for extra showyness 😂","797b4c8e-d7b9-4c10-bd64-5568ef566ac5","tech","why no pressing of the turbo button for extra showyness :face_with_tears_of_joy:","JOY","1","","joy (0.497)"
"1685675f-0efb-4a88-b726-1c82bc7253c5","Holy flashbang","86e0afc1-7904-4912-a3c1-413d4a3708cd","tech","Holy flashbang","NEUTRAL","1","","neutral (0.994)"
"7e0a2194-6cca-4901-bd68-107a7088f2e5","My parents are mad for some reason","86e0afc1-7904-4912-a3c1-413d4a3708cd","tech","My parents are mad for some reason","SADNESS","0","NEUTRAL","sadness (0.424)"
"1ffda61d-4c1b-420f-b116-f1592741d71c","[Sticker] Scp 3008…","86e0afc1-7904-4912-a3c1-413d4a3708cd","tech","Scp 3008","NEUTRAL","1","","neutral (0.998)"
"fd7f5774-8e3a-4e67-a0b7-7238597e290e","Thx","86e0afc1-7904-4912-a3c1-413d4a3708cd","tech","Thx","JOY","1","","gratitude (0.999)"
"6298aa79-02e8-4be1-b14a-d47685fe161f","roblox 3008 tv","86e0afc1-7904-4912-a3c1-413d4a3708cd","tech","roblox 3008 tv","NEUTRAL","1","","neutral (0.998)"
"257f830e-5bb9-457b-9e0a-032358b4348d","If I can’t look at the sky without seeing a bunch of drones flying around in a few years I’m going to be so sad ☹️","f9f7337f-3fa6-4006-9270-ef25ceaeedae","tech","If I can't look at the sky without seeing a bunch of drones flying around in a few years I'm going to be so sad :frowning_face:","SADNESS","1","","sadness (0.966)"
"d4cca399-7429-4530-b456-7f6acdd3bd1c","Why can I not tell if it’s AI","f9f7337f-3fa6-4006-9270-ef25ceaeedae","tech","Why can I not tell if it's AI","SURPRISE","1","","confusion (0.861)"
"3dfe538f-e251-49e4-81ea-2f19dcf50748","Customer support: so sorry you received your item and it’s broken, we apologize for your inconvenience, here’s another broken one","f9f7337f-3fa6-4006-9270-ef25ceaeedae","tech","Customer support: so sorry you received your item and it's broken, we apologize for your inconvenience, here's another broken one","SADNESS","1","","remorse (0.798)"
"2be090d2-81fd-419c-8bf9-3e24ed61c167","the drone is real","f9f7337f-3fa6-4006-9270-ef25ceaeedae","tech","the drone is real","NEUTRAL","0","SURPRISE","neutral (0.952)"
"e3a99c24-a6d9-490c-aecc-5b1f7afef9e7","what in the sam and cat","f9f7337f-3fa6-4006-9270-ef25ceaeedae","tech","what in the sam and cat","NEUTRAL","1","","neutral (0.995)"
"194501b7-b7df-464f-8c3c-d08a24fe9e0e","This reminds me of Sam and cat","f9f7337f-3fa6-4006-9270-ef25ceaeedae","tech","This reminds me of Sam and cat","NEUTRAL","1","","neutral (0.682)"
